old_filename,new_filename,h_title,e_title,year
posters/קן הקוקיה.webp,posters/0.webp,קן הקוקיה,One Flew Over the Cuckoo's Nest,1975
posters/בארי לינדון.webp,posters/1.webp,בארי לינדון,Barry Lyndon,1975
posters/אחר צהריים של פורענות.webp,posters/2.webp,אחר צהריים של פורענות,Dog Day Afternoon,1975
posters/מלתעות.webp,posters/3.webp,מלתעות,Jaws,1975
posters/נאשוויל.webp,posters/4.webp,נאשוויל,Nashville,1975
posters/המראה.webp,posters/5.webp,המראה,The Mirror,1975
posters/פיקניק בצל ההר.webp,posters/6.webp,פיקניק בצל ההר,Picnic at Hanging Rock,1975
posters/ז'אן דילמן.webp,posters/7.webp,ז'אן דילמן,"Jeanne Dielman, 23, Quai du Commerce, 1080 Bruxelles",1975
posters/הנוסע.webp,posters/8.webp,הנוסע,The Passenger,1975
posters/מופע הקולנוע של רוקי.webp,posters/9.webp,מופע הקולנוע של רוקי,The Rocky Horror Picture Show,1975
posters/מיכאל שלי.webp,posters/10.webp,מיכאל שלי,My Michael,1975
posters/המסתורין של קספר האוזר.webp,posters/11.webp,המסתורין של קספר האוזר,The Enigma of Kaspar Hauser,1975
posters/ניחוח אישה.webp,posters/12.webp,ניחוח אישה,Scent of a Woman,1975
posters/שומר היערות.webp,posters/13.webp,שומר היערות,Dersu Uzala,1975
posters/סאנדקון - בית מס' 8.webp,posters/14.webp,סאנדקון - בית מס' 8,Sandakan No. 8,1975
posters/חגיגה בסנוקר.webp,posters/15.webp,חגיגה בסנוקר,Snooker,1975
posters/רוקי.webp,posters/16.webp,רוקי,Rocky,1976
posters/כל אנשי הנשיא.webp,posters/17.webp,כל אנשי הנשיא,All the President's Men,1976
posters/רשת שידור.webp,posters/18.webp,רשת שידור,Network,1976
posters/נהג מונית.webp,posters/19.webp,נהג מונית,Taxi Driver,1976
posters/עליה לשמיים.webp,posters/20.webp,עליה לשמיים,The Ascent,1976
posters/קארי.webp,posters/21.webp,קארי,Carrie,1976
posters/קריאת העורב.webp,posters/22.webp,קריאת העורב,Cría cuervos,1976
posters/במהלך הזמן.webp,posters/23.webp,במהלך הזמן,Kings of the Road,1976
posters/האיש שנפל מכוכב אחר.webp,posters/24.webp,האיש שנפל מכוכב אחר,The Man Who Fell to Earth,1976
posters/הדייר.webp,posters/25.webp,הדייר,The Tenant,1976
posters/כסף כיס.webp,posters/26.webp,כסף כיס,Small Change,1976
posters/משפחת המלוכלכים.webp,posters/27.webp,משפחת המלוכלכים,Down and Dirty,1976
posters/מר קליין.webp,posters/28.webp,מר קליין,Mr. Klein,1976
"posters/התחנה הבאה, גריניץ' ווילג'.webp",posters/29.webp,"התחנה הבאה, גריניץ' ווילג'","Next Stop, Greenwich Village",1976
posters/1900.webp,posters/30.webp,1900,1900,1976
posters/אימפריית החושים.webp,posters/31.webp,אימפריית החושים,In the Realm of the Senses,1976
posters/גבעת חלפון אינה עונה.webp,posters/32.webp,גבעת חלפון אינה עונה,Halfon Hill Doesn't Answer,1976
posters/הרומן שלי עם אנני.webp,posters/33.webp,הרומן שלי עם אנני,Annie Hall,1977
posters/ג'וליה.webp,posters/34.webp,ג'וליה,Julia,1977
posters/מלחמת הכוכבים.webp,posters/35.webp,מלחמת הכוכבים,Star Wars: A New Hope,1977
posters/רוקמת התחרה.webp,posters/36.webp,רוקמת התחרה,The Lacemaker,1977
posters/פאדרה פאדרונה.webp,posters/37.webp,פאדרה פאדרונה,Padre Padrone,1977
posters/חדשות מהבית.webp,posters/38.webp,חדשות מהבית,News from Home,1977
posters/הדואליסטים.webp,posters/39.webp,הדואליסטים,The Duellists,1977
posters/הגבר שאהב נשים.webp,posters/40.webp,הגבר שאהב נשים,The Man Who Loved Women,1977
posters/מפגשים מהסוג השלישי.webp,posters/41.webp,מפגשים מהסוג השלישי,Close Encounters of the Third Kind,1977
posters/שגעון המוסיקה.webp,posters/42.webp,שגעון המוסיקה,Saturday Night Fever,1977
posters/ידיד אמריקני.webp,posters/43.webp,ידיד אמריקני,The American Friend,1977
posters/תשוקה אפלה.webp,posters/44.webp,תשוקה אפלה,That Obscure Object of Desire,1977
posters/כל החיים לפניו.webp,posters/45.webp,כל החיים לפניו,Madame Rosa,1977
posters/פרובידנס.webp,posters/46.webp,פרובידנס,Providence,1977
posters/סוספיריה.webp,posters/47.webp,סוספיריה,Suspiria,1977
posters/איש השיש.webp,posters/48.webp,איש השיש,Man of Marble,1977
posters/הבננה השחורה.webp,posters/49.webp,הבננה השחורה,The Black Banana,1977
posters/דודה קלרה.webp,posters/50.webp,דודה קלרה,Aunt Clara,1977
posters/מבצע יונתן.webp,posters/51.webp,מבצע יונתן,Operation Thunderbolt,1977
posters/צייד הצבאים.webp,posters/52.webp,צייד הצבאים,The Deer Hunter,1978
posters/לחזור הביתה.webp,posters/53.webp,לחזור הביתה,Coming Home,1978
posters/השמיים יכולים לחכות.webp,posters/54.webp,השמיים יכולים לחכות,Heaven Can Wait,1978
posters/אקספרס של חצות.webp,posters/55.webp,אקספרס של חצות,Midnight Express,1978
posters/אישה לא נשואה.webp,posters/56.webp,אישה לא נשואה,An Unmarried Woman,1978
posters/קבקבי עץ.webp,posters/57.webp,קבקבי עץ,The Tree of Wooden Clogs,1978
posters/הוואלס האחרון.webp,posters/58.webp,הוואלס האחרון,The Last Waltz,1978
posters/אסקימו לימון.webp,posters/59.webp,אסקימו לימון,Lemon Popsicle,1978
posters/סופרמן.webp,posters/60.webp,סופרמן,Superman,1978
posters/גריז.webp,posters/61.webp,גריז,Grease,1978
posters/בית החיות.webp,posters/62.webp,בית החיות,Animal House,1978
posters/סונטת סתיו.webp,posters/63.webp,סונטת סתיו,AUTUMN SONATA,1978
posters/ימים ברקיע.webp,posters/64.webp,ימים ברקיע,Days of Heaven,1978
posters/פלישת חוטפי הגופות.webp,posters/65.webp,פלישת חוטפי הגופות,Invasion of the Body Snatchers,1978
posters/האלווין.webp,posters/66.webp,האלווין,Halloween,1978
posters/השיירה.webp,posters/67.webp,השיירה,Convoy,1978
posters/הלהקה.webp,posters/68.webp,הלהקה,The Band,1978
posters/קרמר נגד קרמר.webp,posters/69.webp,קרמר נגד קרמר,Kramer vs. Kramer,1979
posters/כל הג'אז הזה.webp,posters/70.webp,כל הג'אז הזה,All That Jazz,1979
posters/אפוקליפסה עכשיו.webp,posters/71.webp,אפוקליפסה עכשיו,Apocalypse Now,1979
posters/נורמה ריי.webp,posters/72.webp,נורמה ריי,Norma Rae,1979
posters/נישואיה של מריה בראון.webp,posters/73.webp,נישואיה של מריה בראון,The Marriage of Maria Braun,1979
posters/הסינדרום הסיני.webp,posters/74.webp,הסינדרום הסיני,The China Syndrome,1979
posters/הקריירה המזהירה שלי.webp,posters/75.webp,הקריירה המזהירה שלי,My Brilliant Career,1979
posters/תוף הפח.webp,posters/76.webp,תוף הפח,The Tin Drum,1979
posters/רגעים.webp,posters/77.webp,רגעים,Moments,1979
posters/שיער.webp,posters/78.webp,שיער,Hair,1979
posters/חזרת התיזמורת.webp,posters/79.webp,חזרת התיזמורת,Orchestra Rehearsal,1979
posters/מקס הזועם.webp,posters/80.webp,מקס הזועם,Mad Max,1979
posters/סטאלקר.webp,posters/81.webp,סטאלקר,Stalker,1979
posters/להיות שם.webp,posters/82.webp,להיות שם,Being There,1979
posters/בריאן כוכב עליון.webp,posters/83.webp,בריאן כוכב עליון,Monty Python’s Life of Brian,1979
posters/הנוסע השמיני.webp,posters/84.webp,הנוסע השמיני,Alien,1979
posters/מנהטן.webp,posters/85.webp,מנהטן,Manhattan,1979
posters/טס.webp,posters/86.webp,טס,Tess,1979
posters/צלם חובב.webp,posters/87.webp,צלם חובב,Camera Buff,1979
posters/אנשים פשוטים.webp,posters/88.webp,אנשים פשוטים,Ordinary People,1980
posters/בתו של כורה הפחם.webp,posters/89.webp,בתו של כורה הפחם,Coal Miner's Daughter,1980
posters/איש הפיל.webp,posters/90.webp,איש הפיל,The Elephant Man,1980
posters/השור הזועם.webp,posters/91.webp,השור הזועם,Raging Bull,1980
posters/ביי ביי ברזיל.webp,posters/92.webp,ביי ביי ברזיל,Bye Bye Brazil,1980
posters/מוסקבה אינה מאמינה בדמעות.webp,posters/93.webp,מוסקבה אינה מאמינה בדמעות,Moscow Does Not Believe in Tears,1980
posters/טרנזיט.webp,posters/94.webp,טרנזיט,Transit,1980
posters/לולו.webp,posters/95.webp,לולו,Loulou,1980
posters/קגמושה.webp,posters/96.webp,קגמושה,Kagemusha,1980
posters/האדום הגדול.webp,posters/97.webp,האדום הגדול,The Big Red One,1980
posters/האחים בלוז.webp,posters/98.webp,האחים בלוז,The Blues Brothers,1980
posters/טיסה נעימה.webp,posters/99.webp,טיסה נעימה,Airplane!,1980
posters/גלוריה.webp,posters/100.webp,גלוריה,Gloria,1980
posters/הניצוץ.webp,posters/101.webp,הניצוץ,The Shining,1980
posters/המטרו האחרון.webp,posters/102.webp,המטרו האחרון,The Last Metro,1980
posters/שערי גן עדן.webp,posters/103.webp,שערי גן עדן,Heaven's Gate,1980
posters/ג'יגולו אמריקאי.webp,posters/104.webp,ג'יגולו אמריקאי,American Gigolo,1980
posters/האימפריה מכה שנית.webp,posters/105.webp,האימפריה מכה שנית,The Empire Strikes Back,1980
posters/אלכסנדר.webp,posters/106.webp,אלכסנדר,Alexander the Great,1980
posters/מרכבות האש.webp,posters/107.webp,מרכבות האש,Chariots of Fire,1981
posters/האגם המוזהב.webp,posters/108.webp,האגם המוזהב,On Golden Pond,1981
posters/אינדיאנה ג'ונס ושודדי התיבה האבודה.webp,posters/109.webp,אינדיאנה ג'ונס ושודדי התיבה האבודה,Raiders of the Lost Ark,1981
posters/אדומים.webp,posters/110.webp,אדומים,Reds,1981
posters/מפיסטו.webp,posters/111.webp,מפיסטו,Mephisto,1981
posters/מונטנגרו.webp,posters/112.webp,מונטנגרו,Montenegro,1981
posters/הדוור מצלצל פעמים.webp,posters/113.webp,הדוור מצלצל פעמים,The Postman Always Rings Twice,1981
posters/איש הברזל.webp,posters/114.webp,איש הברזל,Man of Iron,1981
posters/דיוה.webp,posters/115.webp,דיוה,Diva,1981
posters/הצוללת.webp,posters/116.webp,הצוללת,Das Boot,1981
posters/לולה.webp,posters/117.webp,לולה,Lola,1981
posters/התפוצצות.webp,posters/118.webp,התפוצצות,Blow Out,1981
posters/מוות אכזרי.webp,posters/119.webp,מוות אכזרי,The Evil Dead,1981
posters/גליפולי.webp,posters/120.webp,גליפולי,Gallipoli,1981
posters/החברה של גרגורי.webp,posters/121.webp,החברה של גרגורי,Gregory's Girl,1981
posters/פוליאסטר.webp,posters/122.webp,פוליאסטר,Polyester,1981
posters/אהובת הקצין הצרפתי.webp,posters/123.webp,אהובת הקצין הצרפתי,The French Lieutenant's Woman,1981
posters/נהר הבוץ.webp,posters/124.webp,נהר הבוץ,Muddy River,1981
posters/סורקים.webp,posters/125.webp,סורקים,Scanners,1981
posters/מריאן וג'וליאן.webp,posters/126.webp,מריאן וג'וליאן,Marianne and Juliane,1981
posters/גנדי.webp,posters/127.webp,גנדי,Gandhi,1982
posters/אי. טי..webp,posters/128.webp,אי. טי.,E.T. The Extra-Terrestrial,1982
posters/נעדר.webp,posters/129.webp,נעדר,Missing,1982
posters/טוטסי.webp,posters/130.webp,טוטסי,Tootsie,1982
posters/חוזה השרטט.webp,posters/131.webp,חוזה השרטט,The Draughtsman's Contract,1982
posters/בלייד ראנר.webp,posters/132.webp,בלייד ראנר,Blade Runner,1982
posters/פולטרגייסט.webp,posters/133.webp,פולטרגייסט,Poltergeist,1982
posters/ויקטורויקטוריה.webp,posters/134.webp,ויקטור/ויקטוריה,Victor/Victoria,1982
posters/פיצקראלדו.webp,posters/135.webp,פיצקראלדו,Fitzcarraldo,1982
posters/יול.webp,posters/136.webp,יול,Yol,1982
posters/פינק פלויד החומה.webp,posters/137.webp,פינק פלויד החומה,Pink Floyd – The Wall,1982
posters/פאני ואלכסנדר.webp,posters/138.webp,פאני ואלכסנדר,Fanny and Alexander,1982
posters/משחק הדמים.webp,posters/139.webp,משחק הדמים,First Blood,1982
posters/48 שעות.webp,posters/140.webp,48 שעות,48 Hrs.,1982
posters/בחירתה של סופי.webp,posters/141.webp,בחירתה של סופי,Sophie's Choice,1982
posters/העולם על פי גארפ.webp,posters/142.webp,העולם על פי גארפ,The World According to Garp,1982
posters/קצין וג'נטלמן.webp,posters/143.webp,קצין וג'נטלמן,An Officer and a Gentleman,1982
posters/אחד מהלב.webp,posters/144.webp,אחד מהלב,One From the Heart,1982
posters/בן לוקח בת.webp,posters/145.webp,בן לוקח בת,Boy Meets Girl,1982
posters/חמסין.webp,posters/146.webp,חמסין,Hamsin,1982
posters/יומן שדה.webp,posters/147.webp,יומן שדה,Field Diary,1982
posters/מתחת לאף.webp,posters/148.webp,מתחת לאף,Big Shots,1982
posters/תנאים של חיבה.webp,posters/149.webp,תנאים של חיבה,Terms of Endearment,1983
posters/החברים של אלכס.webp,posters/150.webp,החברים של אלכס,The Big Chill,1983
posters/והספינה שטה.webp,posters/151.webp,והספינה שטה,And the Ship Sails On,1983
posters/פלאשדאנס.webp,posters/152.webp,פלאשדאנס,Flashdance,1983
posters/שובו של הג'די.webp,posters/153.webp,שובו של הג'די,Return of the Jedi,1983
posters/הבלדה על נראיאמה.webp,posters/154.webp,הבלדה על נראיאמה,The Ballad of Narayama,1983
"posters/חג שמח, מיסטר לורנס.webp",posters/155.webp,"חג שמח, מיסטר לורנס","Merry Christmas, Mr. Lawrence",1983
posters/טעם החיים עפי המונטי פייתון.webp,posters/156.webp,"טעם החיים עפ""י המונטי פייתון",Monty Python's The Meaning of Life,1983
posters/הרעב.webp,posters/157.webp,הרעב,The Hunger,1983
posters/נוטסלגיה.webp,posters/158.webp,נוטסלגיה,Nostalghia,1983
posters/הכוורת.webp,posters/159.webp,הכוורת,La colmena,1983
posters/משנה מקום משנה מזל.webp,posters/160.webp,משנה מקום משנה מזל,Trading Places,1983
posters/זליג.webp,posters/161.webp,זליג,Zelig,1983
posters/נערי הכרך.webp,posters/162.webp,נערי הכרך,The Outsiders,1983
posters/פאולין על החוף.webp,posters/163.webp,פאולין על החוף,Pauline at the Beach,1983
posters/ראסטי ג'יימס.webp,posters/164.webp,ראסטי ג'יימס,Rumble Fish,1983
posters/ינטל.webp,posters/165.webp,ינטל,Yentl,1983
posters/אמדאוס.webp,posters/166.webp,אמדאוס,Amadeus,1984
posters/דמעות של שתיקה.webp,posters/167.webp,דמעות של שתיקה,The Killing Fields,1984
posters/מעבר להודו.webp,posters/168.webp,מעבר להודו,A Passage to India,1984
posters/מקום בלב.webp,posters/169.webp,מקום בלב,Places in the Heart,1984
posters/סיפורו של חייל.webp,posters/170.webp,סיפורו של חייל,A Soldier's Story,1984
posters/מכסחי השדים.webp,posters/171.webp,מכסחי השדים,Ghostbusters,1984
"posters/פריז, טקסס.webp",posters/172.webp,"פריז, טקסס","Paris, Texas",1984
posters/הפסיקו להיות הגיוניים.webp,posters/173.webp,הפסיקו להיות הגיוניים,Stop Making Sense,1984
posters/רציחות פשוטות.webp,posters/174.webp,רציחות פשוטות,Blood Simple,1984
posters/גרמלינס.webp,posters/175.webp,גרמלינס,Gremlins,1984
posters/הנשף.webp,posters/176.webp,הנשף,Le Bal,1984
posters/יומן לילדים שלי.webp,posters/177.webp,יומן לילדים שלי,Diary for My Children,1984
posters/מסע לקיתרה.webp,posters/178.webp,מסע לקיתרה,Voyage to Cythera,1984
posters/בחר בי.webp,posters/179.webp,בחר בי,Choose Me,1984
posters/נערה ונער.webp,posters/180.webp,נערה ונער,Boy Meets girl,1984
posters/זרים יותר מגן עדן.webp,posters/181.webp,זרים יותר מגן עדן,Stranger Than Paradise,1984
posters/קאוס.webp,posters/182.webp,קאוס,Kaos,1984
posters/היו זמנים באמריקה.webp,posters/183.webp,היו זמנים באמריקה,Once Upon a Time in America,1984
posters/הסיפור שאינו נגמר.webp,posters/184.webp,הסיפור שאינו נגמר,The NeverEnding Story,1984
posters/הסיוט ברחוב אלם.webp,posters/185.webp,הסיוט ברחוב אלם,A Nightmare on Elm Street,1984
posters/בת 16 הייתי.webp,posters/186.webp,בת 16 הייתי,Sixteen Candles,1984
posters/פוטלוס.webp,posters/187.webp,פוטלוס,Footloose,1984
posters/בירדי.webp,posters/188.webp,בירדי,Birdy,1984
posters/גשם סגול.webp,posters/189.webp,גשם סגול,Purple Rain,1984
posters/מאחורי הסורגים.webp,posters/190.webp,מאחורי הסורגים,Beyond the Walls,1984
posters/זכרונות מאפריקה.webp,posters/191.webp,זכרונות מאפריקה,Out of Africa,1985
posters/הצבע ארגמן.webp,posters/192.webp,הצבע ארגמן,The Color Purple,1985
posters/נשיקת אשת העכביש.webp,posters/193.webp,נשיקת אשת העכביש,Kiss of the Spider Woman,1985
posters/הכבוד של פריצי.webp,posters/194.webp,הכבוד של פריצי,Prizzi's Honor,1985
posters/העד.webp,posters/195.webp,העד,Witness,1985
posters/ברזיל.webp,posters/196.webp,ברזיל,Brazil,1985
posters/מסיכה.webp,posters/197.webp,מסיכה,Mask,1985
posters/מסע העסקים של אבא.webp,posters/198.webp,מסע העסקים של אבא,When Father Was Away on Business,1985
posters/סוזן סוזן.webp,posters/199.webp,סוזן סוזן,Desperately Seeking Susan,1985
posters/עוברת אורח.webp,posters/200.webp,עוברת אורח,Vagabond,1985
posters/בחזרה לעתיד.webp,posters/201.webp,בחזרה לעתיד,Back to the Future,1985
posters/צא וראה.webp,posters/202.webp,צא וראה,Come and See,1985
posters/מועדון ארוחת הבוקר.webp,posters/203.webp,מועדון ארוחת הבוקר,The Breakfast Club,1985
posters/ראן.webp,posters/204.webp,ראן,Ran,1985
posters/שגעון של לילה.webp,posters/205.webp,שגעון של לילה,After Hours,1985
posters/שואה.webp,posters/206.webp,שואה,Shoah,1985
posters/טאמפופו.webp,posters/207.webp,טאמפופו,Tampopo,1985
posters/רכבת תחתית.webp,posters/208.webp,רכבת תחתית,Subway,1985
posters/לילות לבנים.webp,posters/209.webp,לילות לבנים,White Nights,1985
posters/פלאטון.webp,posters/210.webp,פלאטון,Platoon,1986
posters/ילדים חורגים לאלוהים.webp,posters/211.webp,ילדים חורגים לאלוהים,Children of a Lesser God,1986
posters/חנה ואחיותיה.webp,posters/212.webp,חנה ואחיותיה,Hannah and Her Sisters,1986
posters/המשימה.webp,posters/213.webp,המשימה,The Mission,1986
posters/זכרונות אהבה מפירנצה.webp,posters/214.webp,זכרונות אהבה מפירנצה,A Room With a View,1986
posters/קאראווג’ו.webp,posters/215.webp,קאראווג’ו,Caravaggio,1986
posters/חיוך הגדי.webp,posters/216.webp,חיוך הגדי,The Smile of the Lamb,1986
posters/ג‘ינג‘ר ופרד.webp,posters/217.webp,ג‘ינג‘ר ופרד,Ginger and Fred,1986
posters/הקורבן.webp,posters/218.webp,הקורבן,The Sacrifice,1986
posters/התחלות ראשונות.webp,posters/219.webp,התחלות ראשונות,Absolute Beginners,1986
posters/מגדל הדבורים.webp,posters/220.webp,מגדל הדבורים,The Beekeeper,1986
posters/דקה לחצות.webp,posters/221.webp,דקה לחצות,Round Midnight,1986
posters/מלו.webp,posters/222.webp,מלו,Mélo,1986
posters/שמתי ברז למורה.webp,posters/223.webp,שמתי ברז למורה,Ferris Bueller's Day Off,1986
posters/אני והחבר'ה.webp,posters/224.webp,אני והחבר'ה,Stand By Me,1986
posters/קטיפה כחולה.webp,posters/225.webp,קטיפה כחולה,Blue Velvet,1986
posters/אהבה בשחקים.webp,posters/226.webp,אהבה בשחקים,Top Gun,1986
posters/מבוך.webp,posters/227.webp,מבוך,Labyrinth,1986
posters/ז'אן דה פלורט.webp,posters/228.webp,ז'אן דה פלורט,Jean de Florette,1986
posters/שם הוורד.webp,posters/229.webp,שם הוורד,The Name of the Rose,1986
posters/משהו פראי.webp,posters/230.webp,משהו פראי,Something Wild,1986
posters/חנות קטנה ומטריפה.webp,posters/231.webp,חנות קטנה ומטריפה,Little Shop of Horrors,1986
posters/מונה ליזה.webp,posters/232.webp,מונה ליזה,Mona Lisa,1986
posters/שיחות מלוכלכות.webp,posters/233.webp,שיחות מלוכלכות,The Decline of the American Empire,1986
posters/אוונטי פופולו.webp,posters/234.webp,אוונטי פופולו,Avanti Popolo,1986
posters/הקיסר האחרון.webp,posters/235.webp,הקיסר האחרון,The Last Emperor,1987
posters/משדרים חדשות.webp,posters/236.webp,משדרים חדשות,Broadcast News,1987
posters/חיזור גורלי.webp,posters/237.webp,חיזור גורלי,Fatal Attraction,1987
posters/תיקווה ותהילה.webp,posters/238.webp,תיקווה ותהילה,Hope and Glory,1987
posters/מוכת ירח.webp,posters/239.webp,מוכת ירח,Moonstruck,1987
posters/כרס של ארכיטקט.webp,posters/240.webp,כרס של ארכיטקט,The Belly of an Architect,1987
posters/כרוניקה של מוות ידוע מראש.webp,posters/241.webp,כרוניקה של מוות ידוע מראש,Chronicle of a Death Foretold,1987
posters/עיניים שחורות.webp,posters/242.webp,עיניים שחורות,Dark Eyes,1987
posters/המשפחה.webp,posters/243.webp,המשפחה,The Family,1987
posters/זקוף ת'אוזן.webp,posters/244.webp,זקוף ת'אוזן,Prick Up Your Ears,1987
posters/מלאכים בשמי ברלין.webp,posters/245.webp,מלאכים בשמי ברלין,Wings of Desire,1987
posters/החגיגה של באבט.webp,posters/246.webp,החגיגה של באבט,Babette's Feast,1987
posters/בית האמיצים.webp,posters/247.webp,בית האמיצים,Home of the Brave,1987
posters/שמעתי את בנות הים שרות.webp,posters/248.webp,שמעתי את בנות הים שרות,I've Heard the Mermaids Singing,1987
posters/להתראות ילדים.webp,posters/249.webp,להתראות ילדים,Au revoir les enfants,1987
posters/שם המשחק.webp,posters/250.webp,שם המשחק,House of Games,1987
posters/המתים.webp,posters/251.webp,המתים,The Dead,1987
posters/הבלתי משוחדים.webp,posters/252.webp,הבלתי משוחדים,The Untouchables,1987
posters/המכשפות מאיסטוויק.webp,posters/253.webp,המכשפות מאיסטוויק,The Witches of Eastwick,1987
posters/הנסיכה הקסומה.webp,posters/254.webp,הנסיכה הקסומה,The Princess Bride,1987
posters/מטאל ג'אקט.webp,posters/255.webp,מטאל ג'אקט,Full Metal Jacket,1987
posters/נשק קטלני.webp,posters/256.webp,נשק קטלני,Lethal Weapon,1987
posters/רובוקופ.webp,posters/257.webp,רובוקופ,RoboCop,1987
posters/בוקר טוב וייטנם.webp,posters/258.webp,בוקר טוב וייטנם,"Good Morning, Vietnam",1987
posters/וול סטריט.webp,posters/259.webp,וול סטריט,Wall Street,1987
posters/ריקוד מושחת.webp,posters/260.webp,ריקוד מושחת,Dirty Dancing,1987
posters/בלוז לחופש הגדול.webp,posters/261.webp,בלוז לחופש הגדול,Late Summer Blues,1987
posters/איש הגשם.webp,posters/262.webp,איש הגשם,Rain Man,1988
posters/תייר מזדמן.webp,posters/263.webp,תייר מזדמן,The Accidental Tourist,1988
posters/מיסיסיפי בוערת.webp,posters/264.webp,מיסיסיפי בוערת,Mississippi Burning,1988
posters/נערה עובדת.webp,posters/265.webp,נערה עובדת,Working Girl,1988
posters/שדות החיטה האדומים.webp,posters/266.webp,שדות החיטה האדומים,Red Sorghum,1988
posters/אליס.webp,posters/267.webp,אליס,Alice,1988
posters/בירד.webp,posters/268.webp,בירד,Bird,1988
posters/פלה הכובש.webp,posters/269.webp,פלה הכובש,Pelle the Conqueror,1988
posters/סרט קצר על רצח.webp,posters/270.webp,סרט קצר על רצח,A Short Film About Killing,1988
posters/סאלאם בומביי!.webp,posters/271.webp,סאלאם בומביי!,Salaam Bombay!,1988
posters/יום שני הסוער.webp,posters/272.webp,יום שני הסוער,Stormy Monday,1988
posters/מת לחיות.webp,posters/273.webp,מת לחיות,Die Hard,1988
posters/ביטלג'וס.webp,posters/274.webp,ביטלג'וס,Beetlejuice,1988
posters/מי הפליל את רוג'ר ראביט.webp,posters/275.webp,מי הפליל את רוג'ר ראביט,Who Framed Roger Rabbit,1988
posters/אקירה.webp,posters/276.webp,אקירה,Akira,1988
posters/סינמה פרדיסו.webp,posters/277.webp,סינמה פרדיסו,Cinema Paradiso,1988
posters/קו כחול ודק.webp,posters/278.webp,קו כחול ודק,The Thin Blue Line,1988
posters/נשים על סף התמוטטות עצבים.webp,posters/279.webp,נשים על סף התמוטטות עצבים,Women on the Verge of a Nervous Breakdown,1988
posters/יחסים מסוכנים.webp,posters/280.webp,יחסים מסוכנים,Dangerous Liaisons,1988
posters/סרט קצר על אהבה.webp,posters/281.webp,סרט קצר על אהבה,A Short Film About Love,1988
posters/פרנטיק.webp,posters/282.webp,פרנטיק,Frantic,1988
posters/היירספריי.webp,posters/283.webp,היירספריי,Hairspray,1988
posters/נוף בערפל.webp,posters/284.webp,נוף בערפל,Landscape in the Mist,1988
posters/קולות רחוקים דוממים.webp,posters/285.webp,קולות רחוקים דוממים,"Distant Voices, Still Lives",1988
posters/הנהג של מיס דייזי.webp,posters/286.webp,הנהג של מיס דייזי,Driving Miss Daisy,1989
posters/נולד בארבעה ליולי.webp,posters/287.webp,נולד בארבעה ליולי,Born on the Fourth of July,1989
posters/שדה החלומות.webp,posters/288.webp,שדה החלומות,Field of Dreams,1989
posters/כף רגלי השמאלית.webp,posters/289.webp,כף רגלי השמאלית,My Left Foot: The Story of Christy Brown,1989
posters/הקיץ של אביה.webp,posters/290.webp,הקיץ של אביה,Aviya's Summer,1989
posters/ז'אן ד'ארק ממונגוליה.webp,posters/291.webp,ז'אן ד'ארק ממונגוליה,Joan of Arc of Mongolia,1989
posters/עשה את הדבר הנכון.webp,posters/292.webp,עשה את הדבר הנכון,Do the Right Thing,1989
posters/על צביעות ואהבה.webp,posters/293.webp,על צביעות ואהבה,Jesus of Montreal,1989
"posters/סקס, שקרים ווידאוטייפ.webp",posters/294.webp,"סקס, שקרים ווידאוטייפ","Sex, Lies, and Videotape",1989
posters/סודו של מר היר.webp,posters/295.webp,סודו של מר היר,Monsieur Hire,1989
posters/סוויטי.webp,posters/296.webp,סוויטי,Sweetie,1989
posters/היבשת השביעית.webp,posters/297.webp,היבשת השביעית,The Seventh Continent,1989
posters/יאאבה.webp,posters/298.webp,יאאבה,Yaaba,1989
posters/עיר של עצבות.webp,posters/299.webp,עיר של עצבות,A City of Sadness,1989
"posters/הטבח, הגנב, אשתו והמאהב.webp",posters/300.webp,"הטבח, הגנב, אשתו והמאהב","The Cook, the Thief, His Wife & Her Lover",1989
posters/ללכת שבי אחריו.webp,posters/301.webp,ללכת שבי אחריו,Dead Poets Society,1989
posters/באטמן.webp,posters/302.webp,באטמן,Batman,1989
posters/כשהארי פגש את סאלי.webp,posters/303.webp,כשהארי פגש את סאלי,When Harry Met Sally...,1989
posters/דארגסטור קאובוי.webp,posters/304.webp,דארגסטור קאובוי,Drugstore Cowboy,1989
posters/האמת שלא תאמן.webp,posters/305.webp,האמת שלא תאמן,The Unbelievable Truth,1989
posters/רוקד עם זאבים.webp,posters/306.webp,רוקד עם זאבים,Dances with Wolves,1990
posters/התעוררות.webp,posters/307.webp,התעוררות,Awakenings,1990
posters/רוח רפאים.webp,posters/308.webp,רוח רפאים,Ghost,1990
posters/החברה הטובים.webp,posters/309.webp,החברה הטובים,Goodfellas,1990
posters/ילדה רעה.webp,posters/310.webp,ילדה רעה,The Nasty Girl,1990
posters/סיראנו דה ברז'ראק.webp,posters/311.webp,סיראנו דה ברז'ראק,Cyrano de Bergerac,1990
posters/תיק חסוי.webp,posters/312.webp,תיק חסוי,Hidden Agenda,1990
posters/טקסי בלוז.webp,posters/313.webp,טקסי בלוז,Taxi Blues,1990
posters/לב פראי.webp,posters/314.webp,לב פראי,Wild at Heart,1990
posters/המיועד.webp,posters/315.webp,המיועד,The Appointed,1990
posters/חלומות.webp,posters/316.webp,חלומות,Dreams,1990
posters/מלאך אצל שולחני.webp,posters/317.webp,מלאך אצל שולחני,An Angel at My Table,1990
posters/אהבתה האחרונה של לורה אדלר.webp,posters/318.webp,אהבתה האחרונה של לורה אדלר,The Last Love of Laura Adler,1990
posters/רוזנקרנץ וגילדנשטרן מתים.webp,posters/319.webp,רוזנקרנץ וגילדנשטרן מתים,Rosencrantz & Guildenstern Are Dead,1990
posters/דיק טרייסי.webp,posters/320.webp,דיק טרייסי,Dick Tracy,1990
posters/צומת מילר.webp,posters/321.webp,צומת מילר,Miller's Crossing,1990
posters/זיכרון גורלי.webp,posters/322.webp,זיכרון גורלי,Total Recall,1990
posters/שכחו אותי בבית.webp,posters/323.webp,שכחו אותי בבית,Home Alone,1990
posters/ניקיטה.webp,posters/324.webp,ניקיטה,La Femme Nikita,1990
posters/אשה יפה.webp,posters/325.webp,אשה יפה,Pretty Woman,1990
posters/אמון.webp,posters/326.webp,אמון,Trust,1990
posters/מותק של חיים.webp,posters/327.webp,מותק של חיים,Life Is Sweet,1990
posters/בנות הים.webp,posters/328.webp,בנות הים,Mermaids,1990
posters/שמים מגינים מעל.webp,posters/329.webp,שמים מגינים מעל,The Sheltering Sky,1990
posters/שורו.webp,posters/330.webp,שורו,Shuroo,1990
posters/שתיקת הכבשים.webp,posters/331.webp,שתיקת הכבשים,The Silence of the Lambs,1991
posters/היפה והחיה.webp,posters/332.webp,היפה והחיה,Beauty and the Beast,1991
posters/באגסי.webp,posters/333.webp,באגסי,Bugsy,1991
posters/JFK תיק פתוח.webp,posters/334.webp,JFK: תיק פתוח,JFK,1991
posters/נסיך הגאות והשפל.webp,posters/335.webp,נסיך הגאות והשפל,The Prince of Tides,1991
posters/קפיטן פראקסה.webp,posters/336.webp,קפיטן פראקסה,The Voyage of Captain Fracassa,1991
posters/בארטון פינק.webp,posters/337.webp,בארטון פינק,Barton Fink,1991
posters/La Belle Noiseuse.webp,posters/338.webp,,La Belle Noiseuse,1991
posters/חייה הכפולים של ורוניק.webp,posters/339.webp,חייה הכפולים של ורוניק,The Double Life of Vֳéronique,1991
posters/רכבות לילה.webp,posters/340.webp,רכבות לילה,Europa Europa,1991
posters/ואן גוך.webp,posters/341.webp,ואן גוך,Van Gogh,1991
posters/מדונה אמת או שקר.webp,posters/342.webp,מדונה: אמת או שקר,Madonna: Truth or Dare,1991
posters/תלמה ולואיז.webp,posters/343.webp,תלמה ולואיז,Thelma & Louise,1991
posters/פישר קינג.webp,posters/344.webp,פישר קינג,The Fisher King,1991
posters/איידהו שלי.webp,posters/345.webp,איידהו שלי,My Own Private Idaho,1991
posters/הפנסים האדומים.webp,posters/346.webp,הפנסים האדומים,Raise the Red Lantern,1991
posters/אורגה.webp,posters/347.webp,אורגה,Urga,1991
posters/שליחות קטלנית 2 יום הדין.webp,posters/348.webp,שליחות קטלנית 2: יום הדין,Terminator 2: Judgment Day,1991
posters/דליקטסן.webp,posters/349.webp,דליקטסן,Delicatessen,1991
posters/נקודת פריצה.webp,posters/350.webp,נקודת פריצה,Point Break,1991
posters/ארוחה עירומה.webp,posters/351.webp,ארוחה עירומה,Naked Lunch,1991
posters/הקומיטמנטס.webp,posters/352.webp,הקומיטמנטס,The Commitments,1991
posters/סלאקר.webp,posters/353.webp,סלאקר,Slacker,1991
posters/עקבים גבוהים.webp,posters/354.webp,עקבים גבוהים,High Heels,1991
posters/טיפת מזל.webp,posters/355.webp,טיפת מזל,A Bit of Luck,1992
posters/הבלתי נסלח.webp,posters/356.webp,הבלתי נסלח,Unforgiven,1992
posters/משחק הדמעות.webp,posters/357.webp,משחק הדמעות,The Crying Game,1992
posters/בחורים טובים.webp,posters/358.webp,בחורים טובים,A Few Good Men,1992
posters/זכרונות מאחוזת הווארד.webp,posters/359.webp,זכרונות מאחוזת הווארד,Howards End,1992
posters/ניחוח אישה.webp,posters/360.webp,ניחוח אישה,Scent of a Woman,1992
posters/הנאהבים על הגשר.webp,posters/361.webp,הנאהבים על הגשר,The Lovers on the Bridge (Les Amants du Pont-Neuf),1992
posters/אגדת חורף.webp,posters/362.webp,אגדת חורף,A Tale of Winter,1992
posters/כל הבקרים שבעולם.webp,posters/363.webp,כל הבקרים שבעולם,All the Mornings of the World,1992
posters/אינסטינקט בסיסי.webp,posters/364.webp,אינסטינקט בסיסי,Basic Instinct,1992
posters/השחקן.webp,posters/365.webp,השחקן,The Player,1992
posters/כלבי אשמורת.webp,posters/366.webp,כלבי אשמורת,Reservoir Dogs,1992
posters/הוידאו של בני.webp,posters/367.webp,הוידאו של בני,Benny's Video,1992
posters/לב בחורף.webp,posters/368.webp,לב בחורף,A Heart in Winter,1992
posters/סיפורה של קיו ז'ו.webp,posters/369.webp,סיפורה של קיו ז'ו,The Story of Qiu Ju,1992
posters/עולמו של ויין.webp,posters/370.webp,עולמו של ויין,Wayne's World,1992
posters/אורלנדו.webp,posters/371.webp,אורלנדו,Orlando,1992
posters/בוב רוברטס.webp,posters/372.webp,בוב רוברטס,Bob Roberts,1992
posters/כמו מים לשוקולד.webp,posters/373.webp,כמו מים לשוקולד,Like Water for Chocolate,1992
posters/חלום אריזונה.webp,posters/374.webp,חלום אריזונה,Arizona Dream,1992
posters/שומר הראש.webp,posters/375.webp,שומר הראש,The Bodyguard,1992
posters/מורדי אל הניאון.webp,posters/376.webp,מורדי אל הניאון,Rebels of the Neon God,1992
posters/אל המערב הקסום.webp,posters/377.webp,אל המערב הקסום,Into the West,1992
posters/רק לרקוד.webp,posters/378.webp,רק לרקוד,Strictly Ballroom,1992
posters/החיים עפ אגפא.webp,posters/379.webp,"החיים ע""פ אגפא",Life According to Agfa,1992
posters/חסד מופלא.webp,posters/380.webp,חסד מופלא,Amazing Grace,1992
posters/רשימות שינדלר.webp,posters/381.webp,רשימות שינדלר,Schindler's List,1993
posters/הנמלט.webp,posters/382.webp,הנמלט,The Fugitive,1993
posters/בשם האב.webp,posters/383.webp,בשם האב,In the Name of the Father,1993
posters/שארית היום.webp,posters/384.webp,שארית היום,The Remains of the Day,1993
posters/מסיבת נישואין.webp,posters/385.webp,מסיבת נישואין,The Wedding Banquet,1993
posters/האשה שיצרה שמן שומשום.webp,posters/386.webp,האשה שיצרה שמן שומשום,Woman Sesame Oil Maker,1993
posters/שלום לפילגש.webp,posters/387.webp,שלום לפילגש,Farewell My Concubine,1993
posters/פיורילה.webp,posters/388.webp,פיורילה,Fiorile,1993
posters/עירום.webp,posters/389.webp,עירום,Naked,1993
posters/הפסנתר.webp,posters/390.webp,הפסנתר,The Piano,1993
posters/גשם של אבנים.webp,posters/391.webp,גשם של אבנים,Raining Stones,1993
posters/ניחוח פאפיה ירוקה.webp,posters/392.webp,ניחוח פאפיה ירוקה,The Scent of Green Papaya,1993
posters/תמונות קצרות.webp,posters/393.webp,תמונות קצרות,Short Cuts,1993
posters/שלושה צבעים כחול.webp,posters/394.webp,שלושה צבעים: כחול,Three Colors: Blue,1993
posters/עידן התמימות.webp,posters/395.webp,עידן התמימות,The Age of Innocence,1993
posters/פארק היורה.webp,posters/396.webp,פארק היורה,Jurassic Park,1993
posters/לקום אתמול בבוקר.webp,posters/397.webp,לקום אתמול בבוקר,Groundhog Day,1993
posters/מה עובר על גילברט.webp,posters/398.webp,מה עובר על גילברט,What's Eating Gilbert Grape,1993
posters/פילדלפיה.webp,posters/399.webp,פילדלפיה,Philadelphia,1993
posters/זהר.webp,posters/400.webp,זהר,Zohar,1993
posters/פורסט גאמפ.webp,posters/401.webp,פורסט גאמפ,Forrest Gump,1994
posters/ארבע חתונות ולוויה אחת.webp,posters/402.webp,ארבע חתונות ולוויה אחת,Four Weddings and a Funeral,1994
posters/ספרות זולה.webp,posters/403.webp,ספרות זולה,Pulp Fiction,1994
posters/חידון האשליות.webp,posters/404.webp,חידון האשליות,Quiz Show,1994
posters/חומות של תקווה.webp,posters/405.webp,חומות של תקווה,The Shawshank Redemption,1994
posters/שמש בוגדנית.webp,posters/406.webp,שמש בוגדנית,Burnt by the Sun,1994
posters/היומן של נאני מוראטי.webp,posters/407.webp,היומן של נאני מוראטי,Dear Diary,1994
posters/אקזוטיקה.webp,posters/408.webp,אקזוטיקה,Exotica,1994
posters/גברת פרקר והחוג המרושע.webp,posters/409.webp,גברת פרקר והחוג המרושע,Mrs. Parker and the Vicious Circle,1994
posters/אנשי האורז.webp,posters/410.webp,אנשי האורז,Rice People,1994
posters/פריסילה מלכת המדבר.webp,posters/411.webp,פריסילה מלכת המדבר,"The Adventures of Priscilla, Queen of the Desert",1994
posters/מוכרים בלבד.webp,posters/412.webp,מוכרים בלבד,Clerks,1994
posters/חובבים.webp,posters/413.webp,חובבים,Amateur,1994
"posters/אוכל, שתיה, גבר, אישה.webp",posters/414.webp,"אוכל, שתיה, גבר, אישה",Eat Drink Man Woman,1994
posters/פרש.webp,posters/415.webp,פרש,Fresh,1994
posters/תותים ושוקולד.webp,posters/416.webp,תותים ושוקולד,Strawberry and Chocolate,1994
posters/יצורים שמימיים.webp,posters/417.webp,יצורים שמימיים,Heavenly Creatures,1994
posters/רוצחים מלידה.webp,posters/418.webp,רוצחים מלידה,Natural Born Killers,1994
posters/יחי האהבה.webp,posters/419.webp,יחי האהבה,Vive L'Amour,1994
posters/הדוור.webp,posters/420.webp,הדוור,Il Postino: The Postman,1994
posters/מלך האריות.webp,posters/421.webp,מלך האריות,The Lion King,1994
posters/שלושה צבעים לבן.webp,posters/422.webp,שלושה צבעים: לבן,Three Colors: White,1994
posters/שלושה צבעים אדום.webp,posters/423.webp,שלושה צבעים: אדום,Three Colors: Red,1994
posters/שטן טנגו.webp,posters/424.webp,שטן טנגו,Satantango,1994
posters/שחור.webp,posters/425.webp,שחור,Sh'Chur,1994
posters/לב אמיץ.webp,posters/426.webp,לב אמיץ,Braveheart,1995
posters/אפולו 13.webp,posters/427.webp,אפולו 13,Apollo 13,1995
posters/בייב.webp,posters/428.webp,בייב,Babe,1995
posters/על תבונה ורגישות.webp,posters/429.webp,על תבונה ורגישות,Sense and Sensibility,1995
posters/לפני הזריחה.webp,posters/430.webp,לפני הזריחה,Before Sunrise,1995
posters/נשיקת הפרפר.webp,posters/431.webp,נשיקת הפרפר,Butterfly Kiss,1995
posters/עישון.webp,posters/432.webp,עישון,Smoke,1995
posters/השנאה.webp,posters/433.webp,השנאה,La Haine,1995
posters/קידס.webp,posters/434.webp,קידס,Kids,1995
posters/המבט של אודיסאוס.webp,posters/435.webp,המבט של אודיסאוס,Ulysses' Gaze,1995
posters/מתחת לפני השטח.webp,posters/436.webp,מתחת לפני השטח,Underground,1995
posters/ג’ורג’יה אחותי.webp,posters/437.webp,ג’ורג’יה אחותי,Georgia,1995
posters/סלאם סינמה.webp,posters/438.webp,סלאם סינמה,Salaam Cinema,1995
posters/פיתוי קטלני.webp,posters/439.webp,פיתוי קטלני,To Die For,1995
posters/החשוד המיידי.webp,posters/440.webp,החשוד המיידי,The Usual Suspects,1995
posters/הטקס.webp,posters/441.webp,הטקס,La Cérémonie,1995
posters/שבעה חטאים.webp,posters/442.webp,שבעה חטאים,Seven,1995
posters/צעצוע של סיפור.webp,posters/443.webp,צעצוע של סיפור,Toy Story,1995
posters/12 קופים.webp,posters/444.webp,12 קופים,Twelve Monkeys,1995
posters/היט.webp,posters/445.webp,היט,Heat,1995
posters/לעזוב את לאס וגאס.webp,posters/446.webp,לעזוב את לאס וגאס,Leaving Las Vegas,1995
posters/גבר מת מהלך.webp,posters/447.webp,גבר מת מהלך,Dead Man Walking,1995
posters/קלולס.webp,posters/448.webp,קלולס,Clueless,1995
posters/הפצוע האנגלי.webp,posters/449.webp,הפצוע האנגלי,The English Patient,1996
posters/פארגו.webp,posters/450.webp,פארגו,Fargo,1996
posters/ג'רי מגוויר.webp,posters/451.webp,ג'רי מגוויר,Jerry Maguire,1996
posters/סודות ושקרים.webp,posters/452.webp,סודות ושקרים,Secrets & Lies,1996
posters/ניצוצות.webp,posters/453.webp,ניצוצות,Shine,1996
posters/לשבור את הגלים.webp,posters/454.webp,לשבור את הגלים,Breaking the Waves,1996
posters/קראש.webp,posters/455.webp,קראש,Crash,1996
posters/עננים נודדים.webp,posters/456.webp,עננים נודדים,Drifting Clouds,1996
posters/משהו מגוחך.webp,posters/457.webp,משהו מגוחך,Ridicule,1996
posters/לגעת ביופי.webp,posters/458.webp,לגעת ביופי,Stealing Beauty,1996
posters/גאבה.webp,posters/459.webp,גאבה,Gabbeh,1996
posters/כתוב בעור.webp,posters/460.webp,כתוב בעור,The Pillow Book,1996
posters/טריינספוטינג.webp,posters/461.webp,טריינספוטינג,Trainspotting,1996
posters/ההבטחה.webp,posters/462.webp,ההבטחה,La Promesse,1996
posters/כוכב בודד.webp,posters/463.webp,כוכב בודד,Lone Star,1996
posters/דיוקנה של גברת.webp,posters/464.webp,דיוקנה של גברת,The Portrait of a Lady,1996
posters/היום השלישי.webp,posters/465.webp,היום השלישי,Independence Day,1996
posters/בסקיאט.webp,posters/466.webp,בסקיאט,Basquiat,1996
posters/משימה בלתי אפשרית.webp,posters/467.webp,משימה בלתי אפשרית,Mission: Impossible,1996
posters/ברוכים הבאים לבית הבובות.webp,posters/468.webp,ברוכים הבאים לבית הבובות,Welcome to the Dollhouse,1996
posters/קלרה הקדושה.webp,posters/469.webp,קלרה הקדושה,Saint Clara,1996
posters/טיטאניק.webp,posters/470.webp,טיטאניק,Titanic,1997
posters/הכי טוב שיש.webp,posters/471.webp,הכי טוב שיש,As Good as It Gets,1997
posters/ללכת עד הסוף.webp,posters/472.webp,ללכת עד הסוף,The Full Monty,1997
posters/סיפורו של ויל האנטינג.webp,posters/473.webp,סיפורו של ויל האנטינג,Good Will Hunting,1997
posters/סודות אל.איי..webp,posters/474.webp,סודות אל.איי.,L.A. Confidential,1997
posters/רומיאו וג'ולייט.webp,posters/475.webp,רומיאו וג'ולייט,Romeo + Juliet,1997
posters/משחקים משעשעים.webp,posters/476.webp,משחקים משעשעים,Funny Games,1997
posters/מאושרים יחדיו.webp,posters/477.webp,מאושרים יחדיו,Happy Together,1997
posters/סופת קרח.webp,posters/478.webp,סופת קרח,The Ice Storm,1997
posters/טעם הדובדבן.webp,posters/479.webp,טעם הדובדבן,Taste of Cherry,1997
posters/המתיקות שאחרי.webp,posters/480.webp,המתיקות שאחרי,The Sweet Hereafter,1997
posters/האלמנט החמישי.webp,posters/481.webp,האלמנט החמישי,The Fifth Element,1997
posters/חיי ישו.webp,posters/482.webp,חיי ישו,The Life of Jesus,1997
posters/החיים בורוד.webp,posters/483.webp,החיים בורוד,My Life in Pink,1997
posters/זיקוקין דינור.webp,posters/484.webp,זיקוקין דינור,Fireworks,1997
posters/הגנב.webp,posters/485.webp,הגנב,The Thief,1997
posters/אייר פורס 1.webp,posters/486.webp,אייר פורס 1,Air Force One,1997
posters/הנסיכה מונונוקי.webp,posters/487.webp,הנסיכה מונונוקי,Princess Mononoke,1997
posters/לילות בוגי.webp,posters/488.webp,לילות בוגי,Boogie Nights,1997
posters/החיים יפים.webp,posters/489.webp,החיים יפים,Life Is Beautiful,1997
posters/אוסטין פאוורס.webp,posters/490.webp,אוסטין פאוורס,Austin Powers: International Man of Mystery,1997
posters/דוני בראסקו.webp,posters/491.webp,דוני בראסקו,Donnie Brasco,1997
posters/כביש אבוד.webp,posters/492.webp,כביש אבוד,Lost Highway,1997
posters/אהבת בשר ודם.webp,posters/493.webp,אהבת בשר ודם,Live Flesh,1997
posters/ג'קי בראון.webp,posters/494.webp,ג'קי בראון,Jackie Brown,1997
posters/עפולה אקספרס.webp,posters/495.webp,עפולה אקספרס,Afula Express,1997
posters/שייקספיר מאוהב.webp,posters/496.webp,שייקספיר מאוהב,Shakespeare in Love,1998
posters/אליזבת.webp,posters/497.webp,אליזבת,Elizabeth,1998
posters/להציל את טוראי ריאן.webp,posters/498.webp,להציל את טוראי ריאן,Saving Private Ryan,1998
posters/הקו האדום.webp,posters/499.webp,הקו האדום,The Thin Red Line,1998
posters/ביג לבובסקי.webp,posters/500.webp,ביג לבובסקי,The Big Lebowski,1998
posters/המתאגרף.webp,posters/501.webp,המתאגרף,The Boxer,1998
posters/תחנה מרכזית ברזיל.webp,posters/502.webp,תחנה מרכזית ברזיל,Central Station,1998
posters/החגיגה.webp,posters/503.webp,החגיגה,The Celebration,1998
posters/החיים הם שיר.webp,posters/504.webp,החיים הם שיר,Same Old Song,1998
posters/נצח ועוד יום.webp,posters/505.webp,נצח ועוד יום,Eternity and a Day,1998
posters/חלומות של מלאכים.webp,posters/506.webp,חלומות של מלאכים,The Dreamlife of Angels,1998
posters/האידיוטים.webp,posters/507.webp,האידיוטים,The Idiots,1998
posters/קוראים לי ג'ו.webp,posters/508.webp,קוראים לי ג'ו,My Name Is Joe,1998
posters/וולווט גולדמיין.webp,posters/509.webp,וולווט גולדמיין,Velvet Goldmine,1998
posters/אושר.webp,posters/510.webp,אושר,Happiness,1998
"posters/חתול שחור, חתול לבן.webp",posters/511.webp,"חתול שחור, חתול לבן","Black Cat, White Cat",1998
posters/רומן לא חוקי.webp,posters/512.webp,רומן לא חוקי,Out of Sight,1998
posters/המופע של טרומן.webp,posters/513.webp,המופע של טרומן,The Truman Show,1998
posters/לוק סטוק ושני קנים מעשנים.webp,posters/514.webp,לוק סטוק ושני קנים מעשנים,"Lock, Stock and Two Smoking Barrels",1998
posters/המירוץ לצמרת של מקס פישר.webp,posters/515.webp,המירוץ לצמרת של מקס פישר,Rushmore,1998
posters/משתגעים על מארי.webp,posters/516.webp,משתגעים על מארי,There's Something about Mary,1998
posters/פי.webp,posters/517.webp,פי,Pi,1998
posters/החיים שאחרי.webp,posters/518.webp,החיים שאחרי,After Life,1998
posters/אמריקן ביוטי.webp,posters/519.webp,אמריקן ביוטי,American Beauty,1999
posters/תקנות בית השיכר.webp,posters/520.webp,תקנות בית השיכר,The Cider House Rules,1999
posters/גרין מייל.webp,posters/521.webp,גרין מייל,The Green Mile,1999
posters/המקור.webp,posters/522.webp,המקור,The Insider,1999
posters/החוש השישי.webp,posters/523.webp,החוש השישי,The Sixth Sense,1999
posters/אקזיסטנז.webp,posters/524.webp,אקזיסטנז,eXistenZ,1999
posters/הכל מתחיל היום.webp,posters/525.webp,הכל מתחיל היום,It All Starts Today,1999
posters/הכל אודות אמא.webp,posters/526.webp,הכל אודות אמא,All About My Mother,1999
posters/גוסט דוג.webp,posters/527.webp,גוסט דוג,Ghost Dog: The Way of the Samurai,1999
posters/רוזטה.webp,posters/528.webp,רוזטה,Rosetta,1999
posters/סיפור פשוט.webp,posters/529.webp,סיפור פשוט,The Straight Story,1999
posters/וונדרלנד.webp,posters/530.webp,וונדרלנד,Wonderland,1999
posters/כבודו של ווינסלו.webp,posters/531.webp,כבודו של ווינסלו,The Winslow Boy,1999
posters/חמש ילדות יפות.webp,posters/532.webp,חמש ילדות יפות,The Virgin Suicides,1999
posters/הרוח תישא אותנו.webp,posters/533.webp,הרוח תישא אותנו,The Wind Will Carry Us,1999
posters/אפילו לא אחד פחות.webp,posters/534.webp,אפילו לא אחד פחות,Not One Less,1999
posters/עיניים עצומות לרווחה.webp,posters/535.webp,עיניים עצומות לרווחה,Eyes Wide Shut,1999
posters/להיות ג’ון מלקוביץ’.webp,posters/536.webp,להיות ג’ון מלקוביץ’,Being John Malkovich,1999
posters/מועדון קרב.webp,posters/537.webp,מועדון קרב,Fight Club,1999
posters/מטריקס.webp,posters/538.webp,מטריקס,The Matrix,1999
posters/מגנוליה.webp,posters/539.webp,מגנוליה,Magnolia,1999
posters/אודישן.webp,posters/540.webp,אודישן,Audition,1999
posters/בנים אינם בוכים.webp,posters/541.webp,בנים אינם בוכים,Boys Don't Cry,1999
posters/גלדיאטור.webp,posters/542.webp,גלדיאטור,Gladiator,2000
posters/שוקולד.webp,posters/543.webp,שוקולד,Chocolat,2000
"posters/נמר, דרקון.webp",posters/544.webp,"נמר, דרקון","Crouching Tiger, Hidden Dragon",2000
posters/ארין ברוקוביץ'.webp,posters/545.webp,ארין ברוקוביץ',Erin Brockovich,2000
posters/טראפיק.webp,posters/546.webp,טראפיק,Traffic,2000
posters/ענני ירח מאי.webp,posters/547.webp,ענני ירח מאי,Clouds of May,2000
posters/רוקדת בחשכה.webp,posters/548.webp,רוקדת בחשכה,Dancer in the Dark,2000
posters/אוכל מהיר נשים גנובות.webp,posters/549.webp,אוכל מהיר נשים גנובות,Fast Food Fast Women,2000
"posters/הארי, חבר אמיתי.webp",posters/550.webp,"הארי, חבר אמיתי",With a Friend Like Harry...,2000
posters/כיפור.webp,posters/551.webp,כיפור,Kippur,2000
posters/האחות בטי.webp,posters/552.webp,האחות בטי,Nurse Betty,2000
posters/שירים מקומה ב'.webp,posters/553.webp,שירים מקומה ב',Songs from the Second Floor,2000
posters/אחת ושתיים.webp,posters/554.webp,אחת ושתיים,Yi Yi,2000
posters/המלקטת והמלקטים.webp,posters/555.webp,המלקטת והמלקטים,The Gleaners and I,2000
posters/רקוויאם לחלום.webp,posters/556.webp,רקוויאם לחלום,Requiem for a Dream,2000
posters/האהבה נושכת.webp,posters/557.webp,האהבה נושכת,Amores perros,2000
posters/בילי אליוט.webp,posters/558.webp,בילי אליוט,Billy Elliot,2000
posters/הרמוניות וורקמייסטר.webp,posters/559.webp,הרמוניות וורקמייסטר,Werckmeister Harmonies,2000
posters/מצב רוח לאהבה.webp,posters/560.webp,מצב רוח לאהבה,In the Mood for Love,2000
posters/ממנטו.webp,posters/561.webp,ממנטו,Memento,2000
posters/לפני שהלילה יורד.webp,posters/562.webp,לפני שהלילה יורד,Before Night Falls,2000
posters/אמריקן פסיכו.webp,posters/563.webp,אמריקן פסיכו,American Psycho,2000
posters/כמעט מפורסמים.webp,posters/564.webp,כמעט מפורסמים,Almost Famous,2000
posters/אקס מן.webp,posters/565.webp,אקס מן,X-Men,2000
posters/מישהו לסמוך עליו.webp,posters/566.webp,מישהו לסמוך עליו,You Can Count on Me,2000
posters/נפלאות התבונה.webp,posters/567.webp,נפלאות התבונה,A Beautiful Mind,2001
posters/פארק גוספורד.webp,posters/568.webp,פארק גוספורד,Gosford Park,2001
posters/בחדר המיטות.webp,posters/569.webp,בחדר המיטות,In the Bedroom,2001
posters/שר הטבעות אחוות הטבעת.webp,posters/570.webp,שר הטבעות: אחוות הטבעת,The Lord of the Rings: The Fellowship of the Ring,2001
posters/מולין רוז'!.webp,posters/571.webp,מולין רוז'!,Moulin Rouge!,2001
posters/מלהולנד דרייב.webp,posters/572.webp,מלהולנד דרייב,Mulholland Drive,2001
posters/המורה לפסנתר.webp,posters/573.webp,המורה לפסנתר,The Piano Teacher,2001
posters/חדרו של הבן.webp,posters/574.webp,חדרו של הבן,The Son's Room,2001
posters/חתונה מאוחרת.webp,posters/575.webp,חתונה מאוחרת,Late Marriage,2001
posters/המין האנושי.webp,posters/576.webp,המין האנושי,Human Nature,2001
posters/חתונת מונסון.webp,posters/577.webp,חתונת מונסון,Monsoon Wedding,2001
posters/ואת אמא שלך גם.webp,posters/578.webp,ואת אמא שלך גם,Y tu mamá también,2001
posters/המסע המופלא.webp,posters/579.webp,המסע המופלא,Spirited Away,2001
posters/אושן 11.webp,posters/580.webp,אושן 11,Ocean's Eleven,2001
posters/אמלי.webp,posters/581.webp,אמלי,Amelie,2001
posters/דוני דארקו.webp,posters/582.webp,דוני דארקו,Donnie Darko,2001
posters/משפחת טננבאום.webp,posters/583.webp,משפחת טננבאום,The Royal Tenenbaums,2001
posters/שרק.webp,posters/584.webp,שרק,Shrek,2001
posters/שיקאגו.webp,posters/585.webp,שיקאגו,Chicago,2002
posters/כנופיות ניו יורק.webp,posters/586.webp,כנופיות ניו יורק,Gangs of New York,2002
posters/השעות.webp,posters/587.webp,השעות,The Hours,2002
posters/שר הטבעות שני הצריחים.webp,posters/588.webp,שר הטבעות: שני הצריחים,The Lord of the Rings: The Two Towers,2002
posters/הפסנתרן.webp,posters/589.webp,הפסנתרן,The Pianist,2002
posters/בלאדי סאנדיי.webp,posters/590.webp,בלאדי סאנדיי,Bloody Sunday,2002
posters/אנשי המסיבות.webp,posters/591.webp,אנשי המסיבות,24 Hour Party People,2002
posters/באולינג לקולומביין.webp,posters/592.webp,באולינג לקולומביין,Bowling for Columbine,2002
posters/איש ללא עבר.webp,posters/593.webp,איש ללא עבר,The Man Without a Past,2002
posters/מוכה אהבה.webp,posters/594.webp,מוכה אהבה,Punch-Drunk Love,2002
posters/תיבה רוסית.webp,posters/595.webp,תיבה רוסית,Russian Ark,2002
posters/16 מתוק.webp,posters/596.webp,16 מתוק,Sweet Sixteen,2002
posters/10.webp,posters/597.webp,10,Ten,2002
posters/עיר האלוהים.webp,posters/598.webp,עיר האלוהים,City of God,2002
posters/פעלים למתחילים.webp,posters/599.webp,פעלים למתחילים,To Be and to Have,2002
posters/הרחק מגן עדן.webp,posters/600.webp,הרחק מגן עדן,Far from Heaven,2002
posters/ספיידרמן.webp,posters/601.webp,ספיידרמן,Spider-Man,2002
posters/דוח מיוחד.webp,posters/602.webp,"דו""ח מיוחד",Minority Report,2002
posters/דרך ללא מוצא.webp,posters/603.webp,דרך ללא מוצא,Infernal Affairs,2002
posters/דבר אליה.webp,posters/604.webp,דבר אליה,Talk to Her,2002
posters/השעה ה-25.webp,posters/605.webp,השעה ה-25,25th Hour,2002
posters/בלתי הפיך.webp,posters/606.webp,בלתי הפיך,Irreversible,2002
posters/פרידה.webp,posters/607.webp,פרידה,Frida,2002
posters/כנפיים שבורות.webp,posters/608.webp,כנפיים שבורות,Broken Wings,2002
posters/שר הטבעות שיבת המלך.webp,posters/609.webp,שר הטבעות: שיבת המלך,The Lord of the Rings: The Return of the King,2003
posters/אבודים בטוקיו.webp,posters/610.webp,אבודים בטוקיו,Lost in Translation,2003
posters/אדון ומפקד עד קצה העולם.webp,posters/611.webp,אדון ומפקד: עד קצה העולם,Master and Commander: The Far Side of the World,2003
posters/סיביסקט - אגדה אמריקאית.webp,posters/612.webp,סיביסקט - אגדה אמריקאית,Seabiscuit,2003
"posters/להתראות, לנין.webp",posters/613.webp,"להתראות, לנין","Good Bye, Lenin!",2003
posters/החיים בלעדי.webp,posters/614.webp,החיים בלעדי,My Life Without Me,2003
posters/שיחות נפש.webp,posters/615.webp,שיחות נפש,The Barbarian Invasions,2003
posters/דוגוויל.webp,posters/616.webp,דוגוויל,Dogville,2003
posters/אלפנט.webp,posters/617.webp,אלפנט,Elephant,2003
posters/מיסטיק ריבר.webp,posters/618.webp,מיסטיק ריבר,Mystic River,2003
posters/מרחק.webp,posters/619.webp,מרחק,Uzak,2003
posters/אמריקן ספלנדור.webp,posters/620.webp,אמריקן ספלנדור,American Splendor,2003
posters/ערפל המלחמה.webp,posters/621.webp,ערפל המלחמה,The Fog of War,2003
posters/מסעות ג'יימס בארץ הקודש.webp,posters/622.webp,מסעות ג'יימס בארץ הקודש,James' Journey to Jerusalem,2003
posters/קסם הנעורים.webp,posters/623.webp,קסם הנעורים,The Best of Youth,2003
posters/21 גרם.webp,posters/624.webp,21 גרם,21 Grams,2003
posters/בוקר טוב לילה.webp,posters/625.webp,בוקר טוב לילה,"Good Morning, Night",2003
posters/השיבה.webp,posters/626.webp,השיבה,The Return,2003
posters/זטואיצ'י.webp,posters/627.webp,זטואיצ'י,Zatôichi,2003
posters/החולמים.webp,posters/628.webp,החולמים,The Dreamers,2003
posters/זכרונות של רצח.webp,posters/629.webp,זכרונות של רצח,Memories of Murder,2003
posters/להרוג את ביל.webp,posters/630.webp,להרוג את ביל,Kill Bill,2003
posters/שבעה צעדים.webp,posters/631.webp,שבעה צעדים,Oldboy,2003
posters/ההרוג ה-17.webp,posters/632.webp,ההרוג ה-17,No. 17,2003
posters/מיליון דולר בייבי.webp,posters/633.webp,מיליון דולר בייבי,Million Dollar Baby,2004
posters/הטייס.webp,posters/634.webp,הטייס,The Aviator,2004
posters/למצוא את ארץ לעולם לא.webp,posters/635.webp,למצוא את ארץ לעולם לא,Finding Neverland,2004
posters/ריי.webp,posters/636.webp,ריי,Ray,2004
posters/דרכים צדדיות.webp,posters/637.webp,דרכים צדדיות,Sideways,2004
posters/לפני השקיעה.webp,posters/638.webp,לפני השקיעה,Before Sunset,2004
posters/עם הראש בקיר.webp,posters/639.webp,עם הראש בקיר,Head-On,2004
posters/זרים אינטימיים.webp,posters/640.webp,זרים אינטימיים,Intimate Strangers,2004
posters/2046.webp,posters/641.webp,2046,2046,2004
posters/פרנהייט 911.webp,posters/642.webp,פרנהייט 9/11,Fahrenheit 9/11,2004
posters/הנערה הקדושה.webp,posters/643.webp,הנערה הקדושה,The Holy Girl,2004
posters/איש אינו יודע.webp,posters/644.webp,איש אינו יודע,Nobody Knows,2004
posters/אישה היא עתידו של הגבר.webp,posters/645.webp,אישה היא עתידו של הגבר,Woman Is the Future of Man,2004
posters/חינוך רע.webp,posters/646.webp,חינוך רע,Bad Education,2004
posters/מחול הפגיונות.webp,posters/647.webp,מחול הפגיונות,House of Flying Daggers,2004
posters/צמאון.webp,posters/648.webp,צמאון,Thirst,2004
posters/אור.webp,posters/649.webp,אור,Or (My Treasure),2004
posters/מת על החיים.webp,posters/650.webp,מת על החיים,Shaun of the Dead,2004
posters/שמש נצחית בראש צלול.webp,posters/651.webp,שמש נצחית בראש צלול,Eternal Sunshine of the Spotless Mind,2004
posters/הטירה הנעה.webp,posters/652.webp,הטירה הנעה,Howl's Moving Castle,2004
posters/ילדות רעות.webp,posters/653.webp,ילדות רעות,Mean Girls,2004
posters/נפילה.webp,posters/654.webp,נפילה,Downfall,2004
posters/עמוק במים.webp,posters/655.webp,עמוק במים,The Life Aquatic with Steve Zissou,2004
posters/קראש.webp,posters/656.webp,קראש,Crash,2004
posters/וירה דרייק.webp,posters/657.webp,וירה דרייק,Vera Drake,2004
posters/העולם.webp,posters/658.webp,העולם,The World,2004
posters/הר ברוקבק.webp,posters/659.webp,הר ברוקבק,Brokeback Mountain,2005
posters/קפוטה.webp,posters/660.webp,קפוטה,Capote,2005
posters/לילה טוב ובהצלחה.webp,posters/661.webp,לילה טוב ובהצלחה,"Good Night, and Good Luck.",2005
posters/מינכן.webp,posters/662.webp,מינכן,Munich,2005
posters/לבי החסיר פעימה.webp,posters/663.webp,לבי החסיר פעימה,The Beat That My Heart Skipped,2005
posters/גן עדן עכשיו.webp,posters/664.webp,גן עדן עכשיו,Paradise Now,2005
posters/מחבואים.webp,posters/665.webp,מחבואים,Caché,2005
posters/הילד.webp,posters/666.webp,הילד,L'Enfant,2005
posters/היסטוריה של אלימות.webp,posters/667.webp,היסטוריה של אלימות,A History of Violence,2005
posters/למינג.webp,posters/668.webp,למינג,Lemming,2005
posters/מותו של מר לזרסקו.webp,posters/669.webp,מותו של מר לזרסקו,The Death of Mr. Lazarescu,2005
posters/נקם אחת משתי עיני.webp,posters/670.webp,נקם אחת משתי עיני,Avenge But One of My Two Eyes,2005
posters/אני אתה וכל השאר.webp,posters/671.webp,אני אתה וכל השאר,Me and You and Everyone We Know,2005
posters/בריק.webp,posters/672.webp,בריק,Brick,2005
posters/באטמן מתחיל.webp,posters/673.webp,באטמן מתחיל,Batman Begins,2005
posters/בתול בן 40.webp,posters/674.webp,בתול בן 40,The 40 Year Old Virgin,2005
posters/גריזלי מן.webp,posters/675.webp,גריזלי מן,Grizzly Man,2005
posters/חיים בין השורות.webp,posters/676.webp,חיים בין השורות,The Squid and the Whale,2005
posters/פרחים שבורים.webp,posters/677.webp,פרחים שבורים,Broken Flowers,2005
posters/השתולים.webp,posters/678.webp,השתולים,The Departed,2006
posters/בבל.webp,posters/679.webp,בבל,Babel,2006
posters/מכתבים מאיוו ג'ימה.webp,posters/680.webp,מכתבים מאיוו ג'ימה,Letters from Iwo Jima,2006
posters/מיס סאנשיין הקטנה.webp,posters/681.webp,מיס סאנשיין הקטנה,Little Miss Sunshine,2006
posters/המלכה.webp,posters/682.webp,המלכה,The Queen,2006
posters/גלים נסתרים.webp,posters/683.webp,גלים נסתרים,Invisible Waves,2006
posters/עונות השנה.webp,posters/684.webp,עונות השנה,Climates,2006
posters/מארי אנטואנט.webp,posters/685.webp,מארי אנטואנט,Marie Antoinette,2006
posters/המבוך של פאן.webp,posters/686.webp,המבוך של פאן,Pan's Labyrinth,2006
posters/דרך אדומה.webp,posters/687.webp,דרך אדומה,Red Road,2006
posters/כשהרוח נושבת.webp,posters/688.webp,כשהרוח נושבת,The Wind That Shakes the Barley,2006
posters/טקסידרמיה.webp,posters/689.webp,טקסידרמיה,Taxidermia,2006
posters/באמאקו.webp,posters/690.webp,באמאקו,Bamako,2006
posters/שורט באס.webp,posters/691.webp,שורט באס,Shortbus,2006
posters/טיסה 93.webp,posters/692.webp,טיסה 93,United 93,2006
posters/1208 מזרחה לבוקרשט.webp,posters/693.webp,12:08 מזרחה לבוקרשט,12:08 East of Bucharest,2006
posters/המארח.webp,posters/694.webp,המארח,The Host,2006
posters/הספר השחור.webp,posters/695.webp,הספר השחור,Black Book,2006
posters/הילדים של מחר.webp,posters/696.webp,הילדים של מחר,Children of Men,2006
posters/יוקרה.webp,posters/697.webp,יוקרה,The Prestige,2006
posters/חיים של אחרים.webp,posters/698.webp,חיים של אחרים,The Lives of Others,2006
posters/האיש שבפנים.webp,posters/699.webp,האיש שבפנים,Inside Man,2006
posters/בוראט.webp,posters/700.webp,בוראט,Borat: Cultural Learnings of America for Make Benefit Glorious Nation of Kazakhstan,2006
posters/מדעי החלום.webp,posters/701.webp,מדעי החלום,The Science of Sleep,2006
posters/השטן לובשת פראדה.webp,posters/702.webp,השטן לובשת פראדה,The Devil Wears Prada,2006
posters/אביבה אהובתי.webp,posters/703.webp,אביבה אהובתי,"Aviva, My Love",2006
posters/ארץ קשוחה.webp,posters/704.webp,ארץ קשוחה,No Country for Old Men,2007
posters/כפרה.webp,posters/705.webp,כפרה,Atonement,2007
posters/ג'ונו.webp,posters/706.webp,ג'ונו,Juno,2007
posters/מייקל קלייטון.webp,posters/707.webp,מייקל קלייטון,Michael Clayton,2007
posters/זה ייגמר בדם.webp,posters/708.webp,זה ייגמר בדם,There Will Be Blood,2007
posters/בופור.webp,posters/709.webp,בופור,Beaufort,2007
"posters/4 חודשים, 3 שבועות, 2 ימים.webp",posters/710.webp,"4 חודשים, 3 שבועות, 2 ימים","4 Months, 3 Weeks and 2 Days",2007
posters/הפרפר ופעמון הצלילה.webp,posters/711.webp,הפרפר ופעמון הצלילה,The Diving Bell and the Butterfly,2007
posters/יבואיצוא.webp,posters/712.webp,יבוא/יצוא,Import/Export,2007
posters/פרספוליס.webp,posters/713.webp,פרספוליס,Persepolis,2007
posters/זודיאק.webp,posters/714.webp,זודיאק,Zodiac,2007
posters/ביקור התזמורת.webp,posters/715.webp,ביקור התזמורת,The Band's Visit,2007
posters/אני לא שם.webp,posters/716.webp,אני לא שם,I'm Not There,2007
posters/תשוקה זהירות.webp,posters/717.webp,תשוקה זהירות,"Lust, Caution",2007
posters/הגרגר והדג.webp,posters/718.webp,הגרגר והדג,The Secret of the Grain,2007
posters/סופרבאד.webp,posters/719.webp,סופרבאד,Superbad,2007
posters/רטטוי.webp,posters/720.webp,רטטוי,Ratatouille,2007
posters/עד קצה העולם.webp,posters/721.webp,עד קצה העולם,Into the Wild,2007
posters/הדייט שתקע אותי.webp,posters/722.webp,הדייט שתקע אותי,Knocked Up,2007
posters/נער החידות ממומביי.webp,posters/723.webp,נער החידות ממומביי,Slumdog Millionaire,2008
posters/הסיפור המופלא של בנג'מין באטן.webp,posters/724.webp,הסיפור המופלא של בנג'מין באטן,The Curious Case of Benjamin Button,2008
posters/פרוסטניקסון.webp,posters/725.webp,פרוסט/ניקסון,Frost/Nixon,2008
posters/מילק.webp,posters/726.webp,מילק,Milk,2008
posters/נערת קריאה.webp,posters/727.webp,נערת קריאה,The Reader,2008
posters/שירת הדרורים.webp,posters/728.webp,שירת הדרורים,The Song of Sparrows,2008
posters/בין הקירות.webp,posters/729.webp,בין הקירות,The Class,2008
posters/האלוהי.webp,posters/730.webp,האלוהי,Il Divo,2008
posters/גומורה.webp,posters/731.webp,גומורה,Gomorrah,2008
posters/סינקדוכה ניו יורק.webp,posters/732.webp,סינקדוכה ניו יורק,"Synecdoche, New York",2008
posters/ואלס עם בשיר.webp,posters/733.webp,ואלס עם בשיר,Waltz with Bashir,2008
posters/רעב.webp,posters/734.webp,רעב,Hunger,2008
posters/סונטת טוקיו.webp,posters/735.webp,סונטת טוקיו,Tokyo Sonata,2008
posters/וונדי ולוסי.webp,posters/736.webp,וונדי ולוסי,Wendy and Lucy,2008
posters/איירון מן.webp,posters/737.webp,איירון מן,Iron Man,2008
posters/האביר האפל.webp,posters/738.webp,האביר האפל,The Dark Knight,2008
posters/המתאבק.webp,posters/739.webp,המתאבק,The Wrestler,2008
posters/מטען הכאב.webp,posters/740.webp,מטען הכאב,The Hurt Locker,2008
posters/פרידות.webp,posters/741.webp,פרידות,Departures,2008
posters/ארוחות אמצע אוגוסט.webp,posters/742.webp,ארוחות אמצע אוגוסט,Mid-August Lunch,2008
posters/אוואטר.webp,posters/743.webp,אוואטר,Avatar,2009
posters/מחוז 9.webp,posters/744.webp,מחוז 9,District 9,2009
posters/ממזרים חסרי כבוד.webp,posters/745.webp,ממזרים חסרי כבוד,Inglourious Basterds,2009
posters/פרשס.webp,posters/746.webp,פרשס,Precious: Based on the Novel 'Push' by Sapphire,2009
posters/יהודי טוב.webp,posters/747.webp,יהודי טוב,A Serious Man,2009
posters/למעלה.webp,posters/748.webp,למעלה,Up,2009
posters/תלוי באוויר.webp,posters/749.webp,תלוי באוויר,Up in the Air,2009
posters/חיבוקים שבורים.webp,posters/750.webp,חיבוקים שבורים,Broken Embraces,2009
posters/מחוץ למים.webp,posters/751.webp,מחוץ למים,Fish Tank,2009
posters/נביא.webp,posters/752.webp,נביא,A Prophet,2009
posters/הסרט הלבן.webp,posters/753.webp,הסרט הלבן,The White Ribbon,2009
posters/אף אחד לא שמע על חתולים פרסיים.webp,posters/754.webp,אף אחד לא שמע על חתולים פרסיים,No One Knows About Persian Cats,2009
posters/עג'מי.webp,posters/755.webp,עג'מי,Ajami,2009
posters/הרגתי את אמא שלי.webp,posters/756.webp,הרגתי את אמא שלי,I Killed My Mother,2009
posters/לבנון.webp,posters/757.webp,לבנון,Lebanon,2009
posters/סינגל מן.webp,posters/758.webp,סינגל מן,A Single Man,2009
posters/אני אהבה.webp,posters/759.webp,אני אהבה,I Am Love,2009
posters/הסוד שבעיניים.webp,posters/760.webp,הסוד שבעיניים,The Secret in Their Eyes,2009
posters/קורליין ודלת הקסמים.webp,posters/761.webp,קורליין ודלת הקסמים,Coraline,2009
posters/לחנך את ג'ני.webp,posters/762.webp,לחנך את ג'ני,An Education,2009
posters/נאום המלך.webp,posters/763.webp,נאום המלך,The King's Speech,2010
posters/127 שעות.webp,posters/764.webp,127 שעות,127 Hours,2010
posters/ברבור שחור.webp,posters/765.webp,ברבור שחור,Black Swan,2010
posters/פייטר.webp,posters/766.webp,פייטר,The Fighter,2010
posters/התחלה.webp,posters/767.webp,התחלה,Inception,2010
posters/הילדים בסדר.webp,posters/768.webp,הילדים בסדר,The Kids Are All Right,2010
posters/הרשת החברתית.webp,posters/769.webp,הרשת החברתית,The Social Network,2010
posters/קר עד העצם.webp,posters/770.webp,קר עד העצם,Winter's Bone,2010
posters/דבש.webp,posters/771.webp,דבש,Honey,2010
posters/גרינברג.webp,posters/772.webp,גרינברג,Greenberg,2010
posters/עותק נאמן למקור.webp,posters/773.webp,עותק נאמן למקור,Certified Copy,2010
"posters/יום שלישי, אחרי החגים.webp",posters/774.webp,"יום שלישי, אחרי החגים","Tuesday, After Christmas",2010
posters/נוסטלגיה אל האור.webp,posters/775.webp,נוסטלגיה אל האור,Nostalgia for the Light,2010
posters/בלדה טריאסטה.webp,posters/776.webp,בלדה טריאסטה,The Last Circus,2010
posters/האישה ששרה.webp,posters/777.webp,האישה ששרה,Incendies,2010
posters/שאטר איילנד.webp,posters/778.webp,שאטר איילנד,Shutter Island,2010
posters/בלו ולנטיין.webp,posters/779.webp,בלו ולנטיין,Blue Valentine,2010
posters/סאבמרין.webp,posters/780.webp,סאבמרין,Submarine,2010
posters/ממלכת החיות.webp,posters/781.webp,ממלכת החיות,Animal Kingdom,2010
posters/הארטיסט.webp,posters/782.webp,הארטיסט,The Artist,2011
posters/היורשים.webp,posters/783.webp,היורשים,The Descendants,2011
posters/הוגו.webp,posters/784.webp,הוגו,Hugo,2011
posters/חצות בפריז.webp,posters/785.webp,חצות בפריז,Midnight in Paris,2011
posters/מאניבול.webp,posters/786.webp,מאניבול,Moneyball,2011
posters/פרידה.webp,posters/787.webp,פרידה,A Separation,2011
posters/אודם.webp,posters/788.webp,אודם,Lipstikka,2011
posters/פינה.webp,posters/789.webp,פינה,Pina,2011
posters/הסוס מטורינו.webp,posters/790.webp,הסוס מטורינו,The Turin Horse,2011
posters/דרייב.webp,posters/791.webp,דרייב,Drive,2011
posters/הערת שוליים.webp,posters/792.webp,הערת שוליים,Footnote,2011
posters/הילד עם האופניים.webp,posters/793.webp,הילד עם האופניים,The Kid with a Bike,2011
posters/היו זמנים באנטליה.webp,posters/794.webp,היו זמנים באנטליה,Once Upon a Time in Anatolia,2011
posters/העור בו אני חי.webp,posters/795.webp,העור בו אני חי,The Skin I Live In,2011
posters/עץ החיים.webp,posters/796.webp,עץ החיים,The Tree of Life,2011
posters/אלוהי הקטל.webp,posters/797.webp,אלוהי הקטל,Carnage,2011
posters/ההתחלפות.webp,posters/798.webp,ההתחלפות,The Exchange,2011
posters/בושה.webp,posters/799.webp,בושה,Shame,2011
posters/מחוברים לחיים.webp,posters/800.webp,מחוברים לחיים,The Intouchables,2011
posters/חייבים לדבר על קווין.webp,posters/801.webp,חייבים לדבר על קווין,We Need to Talk about Kevin,2011
posters/ארגו.webp,posters/802.webp,ארגו,Argo,2012
posters/אהבה.webp,posters/803.webp,אהבה,Amour,2012
posters/חיות הדרום הפראי.webp,posters/804.webp,חיות הדרום הפראי,Beasts of the Southern Wild,2012
posters/ג'נגו חסר מעצורים.webp,posters/805.webp,ג'נגו חסר מעצורים,Django Unchained,2012
posters/חיי פיי.webp,posters/806.webp,חיי פיי,Life of Pi,2012
posters/לינקולן.webp,posters/807.webp,לינקולן,Lincoln,2012
posters/אופטימיות היא שם המשחק.webp,posters/808.webp,אופטימיות היא שם המשחק,Silver Linings Playbook,2012
posters/ברברה.webp,posters/809.webp,ברברה,Barbara,2012
posters/חלקם של מלאכים.webp,posters/810.webp,חלקם של מלאכים,The Angels' Share,2012
posters/המרדף.webp,posters/811.webp,המרדף,The Hunt,2012
posters/גן עדן אהבה.webp,posters/812.webp,גן עדן: אהבה,Paradise: Love,2012
posters/חלודה ועצם.webp,posters/813.webp,חלודה ועצם,Rust and Bone,2012
posters/0.webp,posters/814.webp,0,Laurence Anyways,2012
posters/לא!.webp,posters/815.webp,לא!,No,2012
posters/למלא את החלל.webp,posters/816.webp,למלא את החלל,Fill the Void,2012
posters/הנוקמים.webp,posters/817.webp,הנוקמים,The Avengers,2012
posters/לופר.webp,posters/818.webp,לופר,Looper,2012
posters/מעשה בהרג.webp,posters/819.webp,מעשה בהרג,The Act of Killing,2012
posters/פרנסס הא.webp,posters/820.webp,פרנסס הא,Frances Ha,2012
posters/מחפשים את שוגרמן.webp,posters/821.webp,מחפשים את שוגרמן,Searching for Sugar Man,2012
posters/סיפורים שאנחנו מספרים.webp,posters/822.webp,סיפורים שאנחנו מספרים,Stories We Tell,2012
posters/איה.webp,posters/823.webp,איה,Aya,2012
posters/12 שנים של עבדות.webp,posters/824.webp,12 שנים של עבדות,12 Years a Slave,2013
posters/מועדון הלקוחות של דאלאס.webp,posters/825.webp,מועדון הלקוחות של דאלאס,Dallas Buyers Club,2013
posters/כח משיכה.webp,posters/826.webp,כח משיכה,Gravity,2013
posters/היא.webp,posters/827.webp,היא,Her,2013
posters/נברסקה.webp,posters/828.webp,נברסקה,Nebraska,2013
posters/פילומנה.webp,posters/829.webp,פילומנה,Philomena,2013
posters/הזאב מוול סטריט.webp,posters/830.webp,הזאב מוול סטריט,The Wolf of Wall Street,2013
posters/גלוריה.webp,posters/831.webp,גלוריה,Gloria,2013
posters/כחול הוא הצבע החם ביותר.webp,posters/832.webp,כחול הוא הצבע החם ביותר,Blue Is the Warmest Color,2013
posters/בתוך לוין דיוויס.webp,posters/833.webp,בתוך לוין דיוויס,Inside Llewyn Davis,2013
posters/סיפור משפחתי.webp,posters/834.webp,סיפור משפחתי,"Like Father, Like Son",2013
posters/התמונה החסרה.webp,posters/835.webp,התמונה החסרה,The Missing Picture,2013
posters/בית לחם.webp,posters/836.webp,בית לחם,Bethlehem,2013
posters/רכבת הקרח.webp,posters/837.webp,רכבת הקרח,Snowpiercer,2013
posters/אידה.webp,posters/838.webp,אידה,Ida,2013
posters/לשבור את הקרח.webp,posters/839.webp,לשבור את הקרח,Frozen,2013
posters/העבר.webp,posters/840.webp,העבר,The Past,2013
posters/וויפלאש.webp,posters/841.webp,וויפלאש,Whiplash,2013
posters/זרים ליד האגם.webp,posters/842.webp,זרים ליד האגם,Stranger by the Lake,2013
posters/מי מפחד מהזאב הרע.webp,posters/843.webp,מי מפחד מהזאב הרע,Big Bad Wolves,2013
posters/בירדמן.webp,posters/844.webp,בירדמן,Birdman or (The Unexpected Virtue of Ignorance),2014
posters/צלף אמריקאי.webp,posters/845.webp,צלף אמריקאי,American Sniper,2014
posters/התבגרות.webp,posters/846.webp,התבגרות,Boyhood,2014
posters/מלון גרנד בודפשט.webp,posters/847.webp,מלון גרנד בודפשט,The Grand Budapest Hotel,2014
posters/משחק החיקוי.webp,posters/848.webp,משחק החיקוי,The Imitation Game,2014
posters/סלמה.webp,posters/849.webp,סלמה,Selma,2014
posters/התיאוריה של הכל.webp,posters/850.webp,התיאוריה של הכל,The Theory of Everything,2014
posters/ענני סילס מריה.webp,posters/851.webp,ענני סילס מריה,Clouds of Sils Maria,2014
posters/לוויתן.webp,posters/852.webp,לוויתן,Leviathan,2014
posters/מר טרנר.webp,posters/853.webp,מר טרנר,Mr. Turner,2014
posters/סיפורים פרועים.webp,posters/854.webp,סיפורים פרועים,Wild Tales,2014
posters/שנת חורף.webp,posters/855.webp,שנת חורף,Winter Sleep,2014
posters/אנשי הציפורים.webp,posters/856.webp,אנשי הציפורים,Bird People,2014
posters/כוח עליון.webp,posters/857.webp,כוח עליון,Force Majeure,2014
posters/הגננת.webp,posters/858.webp,הגננת,The Kindergarten Teacher,2014
"posters/גט, המשפט של ויויאן אמסלם.webp",posters/859.webp,"גט, המשפט של ויויאן אמסלם",Gett: The Trial of Viviane Amsalem,2014
posters/את לי לילה.webp,posters/860.webp,את לי לילה,Next to Her,2014
posters/יונה יושבת על ענף ומהרהרת בקיום.webp,posters/861.webp,יונה יושבת על ענף ומהרהרת בקיום,A Pigeon Sat on a Branch Reflecting on Existence,2014
posters/מיתה טובה.webp,posters/862.webp,מיתה טובה,The Farewell Party,2014
posters/בין כוכבים.webp,posters/863.webp,בין כוכבים,Interstellar,2014
posters/אפס ביחסי אנוש.webp,posters/864.webp,אפס ביחסי אנוש,Zero Motivation,2014
posters/ספוטלייט.webp,posters/865.webp,ספוטלייט,Spotlight,2015
posters/מכונת הכסף.webp,posters/866.webp,מכונת הכסף,The Big Short,2015
posters/גשר המרגלים.webp,posters/867.webp,גשר המרגלים,Bridge of Spies,2015
posters/ברוקלין.webp,posters/868.webp,ברוקלין,Brooklyn,2015
posters/מקס הזועם כביש הזעם.webp,posters/869.webp,מקס הזועם: כביש הזעם,Mad Max: Fury Road,2015
posters/להציל את מארק וואטני.webp,posters/870.webp,להציל את מארק וואטני,The Martian,2015
posters/האיש שנולד מחדש.webp,posters/871.webp,האיש שנולד מחדש,The Revenant,2015
posters/החדר.webp,posters/872.webp,החדר,Room,2015
posters/קרול.webp,posters/873.webp,קרול,Carol,2015
posters/הלובסטר.webp,posters/874.webp,הלובסטר,The Lobster,2015
posters/סיקאריו.webp,posters/875.webp,סיקאריו,Sicario,2015
posters/הבן של שאול.webp,posters/876.webp,הבן של שאול,Son of Saul,2015
posters/הקול בראש.webp,posters/877.webp,הקול בראש,Inside Out,2015
posters/היורד למעלה.webp,posters/878.webp,היורד למעלה,Afterthought,2015
posters/חיבוק הנחש.webp,posters/879.webp,חיבוק הנחש,Embrace of the Serpent,2015
posters/אנומליסה.webp,posters/880.webp,אנומליסה,Anomalisa,2015
posters/לב של כלב.webp,posters/881.webp,לב של כלב,Heart of a Dog,2015
posters/ילדות פרא.webp,posters/882.webp,ילדות פרא,Mustang,2015
posters/מנדרינות.webp,posters/883.webp,מנדרינות,Tangerine,2015
posters/הנערה הדנית.webp,posters/884.webp,הנערה הדנית,The Danish Girl,2015
posters/הון אנושי.webp,posters/885.webp,הון אנושי,Human Capital,2014
posters/אור ירח.webp,posters/886.webp,אור ירח,Moonlight,2016
posters/המפגש.webp,posters/887.webp,המפגש,Arrival,2016
posters/באש ובמים.webp,posters/888.webp,באש ובמים,Hell or High Water,2016
posters/מאחורי המספרים.webp,posters/889.webp,מאחורי המספרים,Hidden Figures,2016
posters/לה לה לנד.webp,posters/890.webp,לה לה לנד,La La Land,2016
posters/מנצ‘סטר ליד הים.webp,posters/891.webp,מנצ‘סטר ליד הים,Manchester by the Sea,2016
posters/אש על המים.webp,posters/892.webp,אש על המים,Fire at Sea,2016
posters/העתיד לבוא.webp,posters/893.webp,העתיד לבוא,Things to Come,2016
posters/צומת 48.webp,posters/894.webp,צומת 48,Junction 48,2016
posters/קריפי.webp,posters/895.webp,קריפי,Creepy,2016
"posters/אני, דניאל בלייק.webp",posters/896.webp,"אני, דניאל בלייק","I, Daniel Blake",2016
posters/פטרסון.webp,posters/897.webp,פטרסון,Paterson,2016
posters/טוני ארדמן.webp,posters/898.webp,טוני ארדמן,Toni Erdmann,2016
posters/מעבר להרים ולגבעות.webp,posters/899.webp,מעבר להרים ולגבעות,Beyond the Mountains and Hills,2016
posters/הרמוניום.webp,posters/900.webp,הרמוניום,Harmonium,2016
posters/הצב האדום.webp,posters/901.webp,הצב האדום,The Red Turtle,2016
posters/חיי כקישוא.webp,posters/902.webp,חיי כקישוא,My Life as a Zucchini,2016
posters/פרנץ.webp,posters/903.webp,פרנץ,Frantz,2016
posters/היא.webp,posters/904.webp,היא,Elle,2016
posters/ליידי מקבת.webp,posters/905.webp,ליידי מקבת,Lady Macbeth,2016
posters/סופת חול.webp,posters/906.webp,סופת חול,Sand Storm,2016
posters/צורת המים.webp,posters/907.webp,צורת המים,The Shape of Water,2017
posters/קרא לי בשמך.webp,posters/908.webp,קרא לי בשמך,Call Me by Your Name,2017
posters/שעה אפלה.webp,posters/909.webp,שעה אפלה,Darkest Hour,2017
posters/דנקרק.webp,posters/910.webp,דנקרק,Dunkirk,2017
posters/תברח.webp,posters/911.webp,תברח,Get Out,2017
posters/ליידי בירד.webp,posters/912.webp,ליידי בירד,Lady Bird,2017
posters/חוטים נסתרים.webp,posters/913.webp,חוטים נסתרים,Phantom Thread,2017
posters/העיתון.webp,posters/914.webp,העיתון,The Post,2017
"posters/שלושה שלטים מחוץ לאבינג, מיזורי.webp",posters/915.webp,"שלושה שלטים מחוץ לאבינג, מיזורי","Three Billboards Outside Ebbing, Missouri",2017
"posters/אנה, אהובתי.webp",posters/916.webp,"אנה, אהובתי","Ana, My Love",2017
posters/הצד האחר של התקווה.webp,posters/917.webp,הצד האחר של התקווה,The Other Side of Hope,2017
posters/משום מקום.webp,posters/918.webp,משום מקום,In the Fade,2017
posters/120 פעימות בדקה.webp,posters/919.webp,120 פעימות בדקה,BPM (Beats per Minute),2017
posters/הריבוע.webp,posters/920.webp,הריבוע,The Square,2017
posters/אדם של יושרה.webp,posters/921.webp,אדם של יושרה,A Man of Integrity,2017
posters/פרוייקט פלורידה.webp,posters/922.webp,פרוייקט פלורידה,The Florida Project,2017
posters/הרוכב.webp,posters/923.webp,הרוכב,The Rider,2017
posters/גוד טיים.webp,posters/924.webp,גוד טיים,Good Time,2017
posters/סיפור רפאים.webp,posters/925.webp,סיפור רפאים,A Ghost Story,2017
posters/אנשים ומקומות.webp,posters/926.webp,אנשים ומקומות,Faces Places,2017
posters/הספר הירוק.webp,posters/927.webp,הספר הירוק,Green Book,2018
posters/הפנתר השחור.webp,posters/928.webp,הפנתר השחור,Black Panther,2018
posters/רפסודיה בוהמית.webp,posters/929.webp,רפסודיה בוהמית,Bohemian Rhapsody,2018
posters/המועדפת.webp,posters/930.webp,המועדפת,The Favourite,2018
posters/רומא.webp,posters/931.webp,רומא,Roma,2018
posters/כוכב נולד.webp,posters/932.webp,כוכב נולד,A Star Is Born,2018
posters/סגן הנשיא.webp,posters/933.webp,סגן הנשיא,Vice,2018
posters/אפר לבן.webp,posters/934.webp,אפר לבן,Ash Is Purest White,2018
posters/בערה.webp,posters/935.webp,בערה,Burning,2018
posters/המשפחה שלי.webp,posters/936.webp,המשפחה שלי,Shoplifters,2018
posters/לזרו השמח.webp,posters/937.webp,לזרו השמח,Happy as Lazzaro,2018
posters/גבול.webp,posters/938.webp,גבול,Border,2018
posters/נערה.webp,posters/939.webp,נערה,Girl,2018
posters/אהבה בימים קרים.webp,posters/940.webp,אהבה בימים קרים,Cold War,2018
posters/שלושה זרים זהים.webp,posters/941.webp,שלושה זרים זהים,Three Identical Strangers,2018
posters/מיראי.webp,posters/942.webp,מיראי,Mirai,2018
posters/פרזיטים.webp,posters/943.webp,פרזיטים,Parasite,2019
posters/1917.webp,posters/944.webp,1917,1917,2019
posters/ג’וג’ו ראביט.webp,posters/945.webp,ג’וג’ו ראביט,Jojo Rabbit,2019
posters/ג’וקר.webp,posters/946.webp,ג’וקר,Joker,2019
posters/נשים קטנות.webp,posters/947.webp,נשים קטנות,Little Women,2019
posters/סיפור נישואין.webp,posters/948.webp,סיפור נישואין,Marriage Story,2019
posters/היו זמנים בהוליווד.webp,posters/949.webp,היו זמנים בהוליווד,Once Upon a Time... in Hollywood,2019
posters/מלים נרדפות.webp,posters/950.webp,מלים נרדפות,Synonyms,2019
posters/מחוץ למערכת.webp,posters/951.webp,מחוץ למערכת,System Crasher,2019
posters/סקין.webp,posters/952.webp,סקין,Skin,2019
posters/כאב ותהילה.webp,posters/953.webp,כאב ותהילה,Pain and Glory,2019
posters/דיוקן של נערה עולה באש.webp,posters/954.webp,דיוקן של נערה עולה באש,Portrait of a Lady on Fire,2019
posters/לילה קסום אחד.webp,posters/955.webp,לילה קסום אחד,On a Magical Night,2019
posters/קצין ומרגל.webp,posters/956.webp,קצין ומרגל,An Officer and a Spy,2019
posters/רצח כתוב היטב.webp,posters/957.webp,רצח כתוב היטב,Knives Out,2019
posters/מידסומר.webp,posters/958.webp,מידסומר,Midsommar,2019
posters/רק החיות.webp,posters/959.webp,רק החיות,Only the Animals,2019
posters/ארץ נוודים.webp,posters/960.webp,ארץ נוודים,Nomadland,2020
posters/האב.webp,posters/961.webp,האב,The Father,2020
posters/מינארי.webp,posters/962.webp,מינארי,Minari,2020
posters/צעירה מבטיחה.webp,posters/963.webp,צעירה מבטיחה,Promising Young Woman,2020
posters/אין רשע בעולם.webp,posters/964.webp,אין רשע בעולם,There Is No Evil,2020
posters/גונדה.webp,posters/965.webp,גונדה,Gunda,2020
posters/סיבוב נוסף.webp,posters/966.webp,סיבוב נוסף,Another Round,2020
posters/הנה אנחנו.webp,posters/967.webp,הנה אנחנו,Here We Are,2020
posters/לברוח.webp,posters/968.webp,לברוח,Flee,2020
"posters/לאן את הולכת, אאידה.webp",posters/969.webp,"לאן את הולכת, אאידה?","Quo Vadis, Aida?",2020
posters/טנט.webp,posters/970.webp,טנט,Tenet,2020
"posters/אף פעם, לעתים רחוקות, לפעמים, תמיד.webp",posters/971.webp,"אף פעם, לעתים רחוקות, לפעמים, תמיד",Never Rarely Sometimes Always,2020
posters/שבעה בייבי.webp,posters/972.webp,שבעה בייבי,Shiva Baby,2020
posters/רוכבי הצדק.webp,posters/973.webp,רוכבי הצדק,Riders of Justice,2020
posters/קודה.webp,posters/974.webp,קודה,CODA,2021
posters/בלפסט.webp,posters/975.webp,בלפסט,Belfast,2021
posters/הנהגת של מר יוסוקה.webp,posters/976.webp,הנהגת של מר יוסוקה,Drive My Car,2021
posters/חולית.webp,posters/977.webp,חולית,Dune,2021
posters/ליקריץ פיצה.webp,posters/978.webp,ליקריץ פיצה,Licorice Pizza,2021
posters/כוחו של הכלב.webp,posters/979.webp,כוחו של הכלב,The Power of the Dog,2021
posters/סיפור הפרברים.webp,posters/980.webp,סיפור הפרברים,West Side Story,2021
posters/מין חסר מזל או פורנו משוגעים.webp,posters/981.webp,מין חסר מזל או פורנו משוגעים,Bad Luck Banging or Loony Porn,2021
posters/אמא קטנה.webp,posters/982.webp,אמא קטנה,Petite Maman,2021
posters/גלגל המזל והפנטזיה.webp,posters/983.webp,גלגל המזל והפנטזיה,Wheel of Fortune and Fantasy,2021
posters/הברך.webp,posters/984.webp,הברך,Ahed's Knee,2021
posters/טיטאן.webp,posters/985.webp,טיטאן,Titane,2021
posters/האדם הגרוע בעולם.webp,posters/986.webp,האדם הגרוע בעולם,The Worst Person in the World,2021
posters/ויהי בוקר.webp,posters/987.webp,ויהי בוקר,Let It Be Morning,2021
posters/טלה.webp,posters/988.webp,טלה,Lamb,2021
posters/הבת האפלה.webp,posters/989.webp,הבת האפלה,The Lost Daughter,2021
posters/האירוע.webp,posters/990.webp,האירוע,Happening,2021
posters/אגדת חורבן.webp,posters/991.webp,אגדת חורבן,Legend of Destruction,2021
posters/הכל בכל מקום בבת אחת.webp,posters/992.webp,הכל בכל מקום בבת אחת,Everything Everywhere All at Once,2022
posters/בחורים טובים.webp,posters/993.webp,בחורים טובים,Matchmaking,2022
posters/הרוחות של אינשיריין.webp,posters/994.webp,הרוחות של אינשיריין,The Banshees of Inisherin,2022
posters/אלביס.webp,posters/995.webp,אלביס,Elvis,2022
posters/הפייבלמנים.webp,posters/996.webp,הפייבלמנים,The Fabelmans,2022
posters/טאר המנצחת.webp,posters/997.webp,טאר המנצחת,Tár,2022
posters/אהבה בשחקים מאווריק.webp,posters/998.webp,אהבה בשחקים: מאווריק,Top Gun: Maverick,2022
posters/משולש העצבות.webp,posters/999.webp,משולש העצבות,Triangle of Sadness,2022
posters/קריוקי.webp,posters/1000.webp,קריוקי,Karaoke,2022
"posters/לא ייאמן, אבל אמיתי.webp",posters/1001.webp,"לא ייאמן, אבל אמיתי",Incredible but True,2022
posters/1341 פריימים מהמצלמה של מיכה בר-עם.webp,posters/1002.webp,1341 פריימים מהמצלמה של מיכה בר-עם,1341 Frames of Love and War,2022
posters/הילד מגן עדן.webp,posters/1003.webp,הילד מגן עדן,Boy from Heaven,2022
posters/דיוויד בואי Moonage Daydream.webp,posters/1004.webp,דיוויד בואי: Moonage Daydream,Moonage Daydream,2022
"posters/ארגנטינה, 1985.webp",posters/1005.webp,"ארגנטינה, 1985",Argentina 1985,2022
posters/הליוויתן.webp,posters/1006.webp,הליוויתן,The Whale,2022
posters/ולריה מתחתנת.webp,posters/1007.webp,ולריה מתחתנת,Valeria Is Getting Married,2022
posters/RRR.webp,posters/1008.webp,RRR,RRR,2022
posters/אחרי השמש.webp,posters/1009.webp,אחרי השמש,Aftersun,2022
posters/סינמה סבאיא.webp,posters/1010.webp,סינמה סבאיא,Cinema Sabaya,2022
posters/אופנהיימר.webp,posters/1011.webp,אופנהיימר,Oppenheimer,2023
posters/מעשייה אמריקאית.webp,posters/1012.webp,מעשייה אמריקאית,American Fiction,2023
posters/אנטומיה של נפילה.webp,posters/1013.webp,אנטומיה של נפילה,Anatomy of a Fall,2023
posters/ברבי.webp,posters/1014.webp,ברבי,Barbie,2023
posters/נשארים לחג.webp,posters/1015.webp,נשארים לחג,The Holdovers,2023
posters/רוצחי פרח הירח.webp,posters/1016.webp,רוצחי פרח הירח,Killers of the Flower Moon,2023
posters/המאסטרו.webp,posters/1017.webp,המאסטרו,Maestro,2023
posters/חיים שלמים.webp,posters/1018.webp,חיים שלמים,Past Lives,2023
posters/מסכנים שכאלה.webp,posters/1019.webp,מסכנים שכאלה,Poor Things,2023
posters/אזור העניין.webp,posters/1020.webp,אזור העניין,The Zone of Interest,2023
posters/גולדה.webp,posters/1021.webp,גולדה,Golda,2023
posters/לה כימרה.webp,posters/1022.webp,לה כימרה,La chimera,2023
posters/ימים מושלמים.webp,posters/1023.webp,ימים מושלמים,Perfect Days,2023
posters/כולנו זרים.webp,posters/1024.webp,כולנו זרים,All of Us Strangers,2023
posters/חדר המורים.webp,posters/1025.webp,חדר המורים,The Teachers' Lounge,2023
posters/שבע ברכות.webp,posters/1026.webp,שבע ברכות,Seven Blessings,2023
posters/אנורה.webp,posters/1027.webp,אנורה,Anora,2024
posters/הברוטליסט.webp,posters/1028.webp,הברוטליסט,The Brutalist,2024
posters/אנונימי לגמרי.webp,posters/1029.webp,אנונימי לגמרי,A Complete Unknown,2024
posters/עד שיצא עשן לבן.webp,posters/1030.webp,עד שיצא עשן לבן,Conclave,2024
posters/אמיליה פרז.webp,posters/1031.webp,אמיליה פרז,Emilia Pérez,2024
posters/אני עדיין כאן.webp,posters/1032.webp,אני עדיין כאן,I'm Still Here,2024
posters/יופי מסוכן.webp,posters/1033.webp,יופי מסוכן,The Substance,2024
posters/מרשעת.webp,posters/1034.webp,מרשעת,Wicked,2024
posters/אין ארץ אחרת.webp,posters/1035.webp,אין ארץ אחרת,No Other Land,2024
posters/כשהאור נשבר.webp,posters/1036.webp,כשהאור נשבר,When the Light Breaks,2024
posters/שפה אוניברסלית.webp,posters/1037.webp,שפה אוניברסלית,Universal Language,2024
posters/החדר הסמוך.webp,posters/1038.webp,החדר הסמוך,The Room Next Door,2024
posters/אהבה.webp,posters/1039.webp,אהבה,Love,2024
posters/עם הזרם.webp,posters/1040.webp,עם הזרם,Flow,2024
posters/חלומות.webp,posters/1041.webp,חלומות,Dreams,2025
posters/אדינגטון.webp,posters/1042.webp,אדינגטון,Eddington,2025
posters/העוקץ הפיניקי.webp,posters/1043.webp,העוקץ הפיניקי,The Phoenician Scheme,2025
posters/ערך סנטימנטלי.webp,posters/1044.webp,ערך סנטימנטלי,Sentimental Value,2025
posters/אמהות צעירות.webp,posters/1045.webp,אמהות צעירות,Young Mothers,2025
posters/כן.webp,posters/1046.webp,כן,Yes,2025
posters/אין ברירה אחת.webp,posters/1047.webp,אין ברירה אחת,No Other Choice,2025
posters/קרב רודף קרב.webp,posters/1048.webp,קרב רודף קרב,One Battle After Another,2025
posters/מרטי סופרים.webp,posters/1049.webp,מרטי סופרים,Marty Supreme,2025
posters/תמות אהובי.webp,posters/1050.webp,תמות אהובי,Die My Love,2025
